Episode,ta41,ta42,ta43,ta44,ta45,ta46,ta47,ta48,ta49,ta50,sum,FIFO,MTWR
1,2730,2717,2706,2770,2790,2905,2679,2721,2637,2767,27422,25494,24487
2,2730,2706,2683,2749,2790,2905,2679,2721,2637,2744,27344,25494,24487
3,2730,2706,2600,2749,2728,2872,2673,2656,2637,2744,27095,25494,24487
4,2730,2706,2600,2688,2728,2806,2645,2656,2637,2744,26940,25494,24487
5,2697,2698,2600,2688,2676,2728,2597,2600,2536,2613,26433,25494,24487
6,2697,2628,2600,2688,2636,2633,2485,2600,2536,2613,26116,25494,24487
7,2531,2603,2524,2548,2636,2633,2485,2517,2523,2570,25570,25494,24487
8,2531,2603,2508,2548,2608,2633,2485,2501,2511,2523,25451,25494,24487
9,2531,2596,2490,2548,2592,2633,2485,2459,2462,2518,25314,25494,24487
10,2531,2596,2490,2548,2592,2537,2485,2435,2462,2518,25194,25494,24487
11,2531,2529,2438,2548,2556,2537,2485,2435,2462,2518,25039,25494,24487
12,2531,2529,2438,2500,2532,2537,2431,2435,2462,2518,24913,25494,24487
13,2531,2521,2357,2500,2495,2537,2420,2435,2462,2449,24707,25494,24487
14,2490,2521,2357,2500,2452,2537,2323,2435,2462,2429,24506,25494,24487
15,2490,2521,2357,2500,2445,2537,2323,2421,2458,2383,24435,25494,24487
16,2488,2508,2347,2462,2445,2537,2323,2400,2428,2383,24321,25494,24487
17,2488,2430,2347,2462,2445,2537,2323,2400,2428,2383,24243,25494,24487
18,2488,2430,2325,2462,2419,2534,2323,2400,2428,2383,24192,25494,24487
19,2488,2430,2324,2408,2359,2534,2323,2400,2428,2383,24077,25494,24487
20,2469,2430,2265,2408,2359,2534,2297,2400,2428,2381,23971,25494,24487
21,2428,2396,2265,2408,2359,2534,2297,2400,2391,2381,23859,25494,24487
22,2428,2396,2265,2408,2336,2534,2297,2400,2391,2379,23834,25494,24487
23,2410,2396,2265,2408,2336,2534,2297,2388,2391,2379,23804,25494,24487
24,2410,2396,2265,2408,2336,2534,2297,2320,2391,2379,23736,25494,24487
25,2386,2385,2265,2408,2336,2534,2279,2320,2372,2338,23623,25494,24487
26,2386,2385,2265,2408,2336,2534,2279,2320,2372,2338,23623,25494,24487
27,2386,2299,2265,2408,2336,2534,2279,2320,2372,2338,23537,25494,24487
28,2386,2299,2265,2408,2336,2534,2279,2320,2372,2338,23537,25494,24487
29,2386,2299,2244,2408,2336,2534,2270,2320,2326,2338,23461,25494,24487
30,2386,2299,2244,2408,2336,2534,2255,2320,2326,2338,23446,25494,24487
31,2371,2299,2237,2408,2329,2534,2255,2320,2326,2338,23417,25494,24487
32,2371,2299,2237,2408,2329,2534,2255,2320,2326,2338,23417,25494,24487
33,2348,2299,2237,2408,2329,2534,2255,2320,2326,2334,23390,25494,24487
34,2348,2299,2237,2408,2329,2516,2239,2320,2326,2286,23308,25494,24487
35,2348,2299,2237,2408,2324,2516,2239,2320,2326,2286,23303,25494,24487
36,2348,2299,2237,2408,2324,2457,2239,2320,2326,2286,23244,25494,24487
37,2348,2299,2227,2408,2324,2457,2239,2320,2326,2286,23234,25494,24487
38,2348,2299,2227,2408,2324,2457,2239,2320,2326,2286,23234,25494,24487
39,2348,2299,2227,2408,2288,2457,2239,2320,2326,2286,23198,25494,24487
40,2348,2289,2227,2408,2288,2457,2239,2320,2325,2286,23187,25494,24487
41,2348,2289,2227,2408,2288,2457,2233,2320,2325,2283,23178,25494,24487
42,2348,2289,2227,2408,2288,2457,2201,2320,2325,2283,23146,25494,24487
43,2348,2289,2227,2408,2288,2457,2201,2320,2325,2283,23146,25494,24487
44,2308,2289,2227,2408,2288,2457,2201,2320,2325,2283,23106,25494,24487
45,2308,2289,2227,2408,2288,2457,2201,2320,2292,2283,23073,25494,24487
46,2308,2289,2227,2408,2288,2457,2201,2320,2292,2283,23073,25494,24487
47,2308,2289,2227,2393,2288,2457,2201,2320,2284,2283,23050,25494,24487
48,2308,2289,2186,2393,2288,2457,2201,2320,2284,2283,23009,25494,24487
49,2308,2289,2186,2393,2288,2457,2201,2320,2284,2283,23009,25494,24487
50,2293,2289,2186,2393,2288,2457,2201,2320,2284,2283,22994,25494,24487
51,2293,2289,2186,2393,2288,2457,2201,2320,2261,2278,22966,25494,24487
52,2293,2280,2186,2393,2288,2457,2201,2320,2261,2278,22957,25494,24487
53,2293,2280,2186,2393,2288,2436,2201,2320,2258,2278,22933,25494,24487
54,2293,2280,2186,2393,2288,2436,2201,2320,2258,2278,22933,25494,24487
55,2293,2280,2186,2393,2288,2436,2201,2320,2258,2263,22918,25494,24487
56,2293,2280,2186,2393,2288,2436,2201,2320,2229,2263,22889,25494,24487
57,2293,2280,2186,2393,2288,2436,2201,2320,2229,2263,22889,25494,24487
58,2293,2280,2186,2393,2288,2436,2201,2320,2229,2263,22889,25494,24487
59,2293,2266,2186,2372,2288,2436,2201,2320,2229,2263,22854,25494,24487
60,2293,2266,2186,2372,2288,2436,2201,2320,2223,2263,22848,25494,24487
61,2279,2256,2186,2372,2288,2436,2201,2320,2223,2263,22824,25494,24487
62,2279,2256,2186,2372,2288,2436,2201,2320,2223,2263,22824,25494,24487
63,2279,2256,2186,2372,2288,2436,2201,2320,2223,2263,22824,25494,24487
64,2279,2245,2186,2372,2288,2436,2201,2320,2223,2247,22797,25494,24487
65,2279,2244,2186,2372,2288,2436,2201,2320,2204,2247,22777,25494,24487
66,2279,2243,2179,2372,2285,2436,2182,2320,2204,2247,22747,25494,24487
67,2279,2242,2173,2372,2285,2436,2182,2320,2204,2247,22740,25494,24487
68,2277,2237,2163,2372,2231,2436,2182,2320,2204,2247,22669,25494,24487
69,2277,2237,2163,2372,2231,2436,2182,2320,2204,2232,22654,25494,24487
70,2267,2237,2163,2372,2231,2436,2179,2320,2204,2232,22641,25494,24487
71,2267,2237,2155,2372,2231,2436,2179,2320,2204,2232,22633,25494,24487
72,2267,2225,2155,2372,2231,2436,2179,2320,2200,2194,22579,25494,24487
73,2265,2225,2155,2372,2231,2436,2179,2320,2185,2194,22562,25494,24487
74,2265,2225,2145,2372,2231,2436,2179,2320,2185,2194,22552,25494,24487
75,2265,2225,2145,2372,2231,2436,2160,2320,2185,2194,22533,25494,24487
76,2265,2225,2145,2372,2231,2436,2160,2320,2185,2194,22533,25494,24487
77,2265,2222,2145,2354,2231,2436,2160,2320,2185,2194,22512,25494,24487
78,2265,2207,2145,2354,2231,2434,2160,2320,2185,2194,22495,25494,24487
79,2265,2191,2145,2354,2231,2434,2160,2320,2185,2194,22479,25494,24487
80,2265,2191,2145,2354,2231,2434,2155,2320,2185,2194,22474,25494,24487
81,2265,2191,2145,2354,2231,2434,2155,2320,2185,2194,22474,25494,24487
82,2265,2191,2133,2354,2231,2434,2155,2320,2185,2194,22462,25494,24487
83,2265,2191,2126,2354,2231,2434,2155,2320,2185,2194,22455,25494,24487
84,2265,2191,2126,2354,2231,2434,2141,2320,2185,2194,22441,25494,24487
85,2265,2191,2126,2354,2231,2434,2141,2320,2185,2194,22441,25494,24487
86,2265,2191,2126,2354,2231,2434,2141,2320,2185,2194,22441,25494,24487
87,2265,2191,2126,2354,2231,2434,2141,2320,2185,2194,22441,25494,24487
88,2265,2189,2126,2354,2231,2434,2141,2320,2185,2194,22439,25494,24487
89,2265,2189,2126,2354,2231,2434,2141,2320,2185,2194,22439,25494,24487
90,2265,2189,2126,2354,2231,2434,2141,2320,2185,2194,22439,25494,24487
91,2265,2189,2126,2354,2231,2434,2141,2320,2179,2194,22433,25494,24487
92,2265,2189,2126,2354,2231,2434,2141,2320,2179,2194,22433,25494,24487
93,2265,2189,2125,2354,2231,2434,2141,2320,2179,2194,22432,25494,24487
94,2265,2189,2125,2354,2231,2434,2141,2320,2179,2194,22432,25494,24487
95,2265,2189,2125,2354,2231,2428,2141,2320,2179,2194,22426,25494,24487
96,2265,2189,2125,2354,2231,2428,2141,2320,2179,2194,22426,25494,24487
97,2265,2189,2125,2354,2231,2428,2128,2320,2179,2194,22413,25494,24487
98,2265,2189,2125,2354,2231,2428,2128,2320,2179,2194,22413,25494,24487
99,2265,2189,2125,2354,2231,2428,2128,2320,2179,2194,22413,25494,24487
100,2265,2189,2125,2354,2231,2428,2128,2320,2179,2194,22413,25494,24487
101,2265,2189,2125,2354,2231,2428,2128,2320,2179,2194,22413,25494,24487
102,2265,2189,2125,2354,2231,2428,2128,2320,2179,2194,22413,25494,24487
103,2265,2189,2125,2354,2231,2428,2128,2320,2179,2194,22413,25494,24487
104,2265,2189,2125,2354,2231,2405,2128,2320,2179,2194,22390,25494,24487
105,2265,2189,2125,2354,2231,2405,2128,2320,2179,2194,22390,25494,24487
106,2265,2189,2125,2354,2231,2405,2128,2320,2179,2194,22390,25494,24487
107,2265,2189,2125,2354,2231,2405,2128,2320,2179,2194,22390,25494,24487
108,2265,2189,2125,2354,2231,2405,2128,2320,2179,2194,22390,25494,24487
109,2265,2189,2125,2354,2231,2405,2128,2320,2179,2194,22390,25494,24487
110,2265,2189,2125,2354,2231,2405,2128,2320,2179,2194,22390,25494,24487
111,2265,2189,2125,2354,2231,2405,2128,2320,2179,2194,22390,25494,24487
112,2265,2189,2125,2354,2231,2405,2128,2320,2179,2194,22390,25494,24487
113,2265,2189,2125,2354,2231,2405,2128,2320,2179,2194,22390,25494,24487
114,2265,2189,2125,2354,2231,2405,2128,2320,2179,2194,22390,25494,24487
115,2265,2189,2119,2354,2231,2405,2128,2320,2179,2194,22384,25494,24487
116,2265,2189,2119,2354,2231,2405,2128,2320,2179,2194,22384,25494,24487
117,2265,2189,2119,2354,2231,2405,2128,2320,2179,2194,22384,25494,24487
118,2265,2189,2119,2345,2231,2405,2128,2320,2179,2194,22375,25494,24487
119,2265,2189,2119,2345,2231,2405,2128,2320,2179,2194,22375,25494,24487
120,2265,2189,2119,2345,2231,2405,2128,2320,2179,2194,22375,25494,24487
121,2265,2189,2119,2345,2231,2405,2128,2320,2179,2194,22375,25494,24487
122,2265,2189,2119,2345,2231,2405,2128,2320,2179,2194,22375,25494,24487
123,2265,2189,2119,2345,2231,2405,2128,2320,2179,2194,22375,25494,24487
124,2265,2189,2119,2345,2231,2405,2128,2320,2179,2194,22375,25494,24487
125,2265,2189,2119,2340,2231,2405,2128,2320,2179,2194,22370,25494,24487
126,2265,2189,2119,2340,2231,2383,2128,2320,2179,2194,22348,25494,24487
127,2265,2189,2119,2340,2231,2383,2128,2320,2179,2194,22348,25494,24487
128,2254,2189,2119,2340,2231,2383,2128,2320,2179,2194,22337,25494,24487
129,2254,2189,2119,2340,2231,2372,2128,2320,2179,2194,22326,25494,24487
130,2254,2189,2119,2340,2231,2372,2128,2320,2179,2194,22326,25494,24487
131,2254,2189,2119,2340,2231,2372,2128,2320,2179,2194,22326,25494,24487
132,2254,2189,2119,2340,2231,2372,2128,2320,2179,2194,22326,25494,24487
133,2254,2189,2119,2334,2231,2372,2128,2320,2179,2194,22320,25494,24487
134,2254,2189,2119,2334,2231,2372,2128,2294,2179,2194,22294,25494,24487
135,2254,2189,2119,2333,2231,2372,2128,2294,2179,2194,22293,25494,24487
136,2254,2189,2119,2327,2231,2372,2128,2294,2179,2194,22287,25494,24487
137,2254,2189,2119,2327,2231,2372,2128,2294,2179,2194,22287,25494,24487
138,2254,2189,2119,2327,2231,2372,2128,2294,2179,2194,22287,25494,24487
139,2254,2189,2119,2327,2231,2372,2128,2271,2179,2194,22264,25494,24487
140,2254,2189,2119,2327,2231,2372,2128,2271,2176,2194,22261,25494,24487
141,2254,2189,2119,2327,2231,2372,2128,2271,2176,2194,22261,25494,24487
142,2254,2189,2119,2327,2231,2372,2128,2271,2176,2194,22261,25494,24487
143,2254,2189,2119,2327,2231,2372,2128,2271,2176,2194,22261,25494,24487
144,2254,2189,2119,2327,2231,2372,2128,2271,2176,2194,22261,25494,24487
145,2254,2189,2119,2327,2231,2372,2128,2271,2176,2194,22261,25494,24487
146,2254,2189,2119,2327,2231,2372,2128,2264,2176,2194,22254,25494,24487
147,2254,2189,2119,2327,2231,2372,2128,2264,2176,2194,22254,25494,24487
148,2254,2189,2119,2327,2231,2372,2128,2264,2176,2194,22254,25494,24487
149,2254,2189,2119,2327,2231,2372,2128,2264,2176,2194,22254,25494,24487
150,2254,2189,2119,2327,2231,2372,2128,2264,2176,2194,22254,25494,24487
151,2254,2189,2119,2327,2231,2372,2128,2264,2176,2194,22254,25494,24487
152,2254,2189,2119,2327,2231,2372,2128,2264,2176,2194,22254,25494,24487
153,2254,2189,2119,2327,2231,2372,2128,2264,2176,2194,22254,25494,24487
154,2254,2189,2119,2327,2231,2372,2128,2264,2176,2194,22254,25494,24487
155,2254,2189,2119,2327,2231,2372,2128,2264,2176,2194,22254,25494,24487
156,2254,2189,2119,2327,2231,2372,2128,2264,2176,2194,22254,25494,24487
157,2254,2189,2119,2327,2231,2372,2128,2249,2176,2194,22239,25494,24487
158,2254,2189,2119,2327,2231,2372,2128,2249,2176,2194,22239,25494,24487
159,2254,2189,2119,2327,2231,2372,2128,2249,2176,2194,22239,25494,24487
160,2254,2189,2119,2327,2231,2372,2128,2249,2176,2194,22239,25494,24487
161,2254,2189,2119,2308,2231,2372,2128,2249,2176,2194,22220,25494,24487
162,2254,2189,2119,2308,2231,2372,2128,2249,2176,2194,22220,25494,24487
163,2254,2189,2119,2308,2231,2372,2128,2249,2176,2194,22220,25494,24487
164,2254,2189,2119,2308,2231,2372,2128,2249,2176,2194,22220,25494,24487
165,2254,2189,2119,2308,2231,2372,2128,2249,2176,2194,22220,25494,24487
166,2254,2189,2119,2300,2231,2372,2128,2249,2176,2194,22212,25494,24487
167,2254,2189,2119,2300,2231,2372,2128,2249,2176,2194,22212,25494,24487
168,2254,2189,2119,2300,2231,2366,2128,2249,2176,2194,22206,25494,24487
169,2254,2189,2119,2300,2231,2366,2128,2249,2176,2194,22206,25494,24487
170,2254,2189,2119,2293,2231,2366,2128,2249,2176,2194,22199,25494,24487
171,2254,2189,2119,2293,2231,2366,2128,2249,2176,2194,22199,25494,24487
172,2254,2189,2119,2279,2231,2366,2128,2249,2176,2194,22185,25494,24487
173,2254,2189,2119,2279,2231,2366,2128,2249,2176,2194,22185,25494,24487
174,2254,2189,2119,2279,2231,2366,2128,2249,2176,2194,22185,25494,24487
175,2254,2189,2119,2279,2231,2366,2128,2249,2176,2194,22185,25494,24487
176,2254,2189,2119,2279,2231,2366,2128,2249,2176,2194,22185,25494,24487
177,2254,2189,2119,2279,2231,2366,2128,2249,2176,2194,22185,25494,24487
178,2254,2189,2119,2279,2231,2366,2128,2249,2176,2194,22185,25494,24487
179,2254,2189,2119,2279,2231,2366,2128,2249,2176,2194,22185,25494,24487
180,2254,2189,2119,2279,2231,2366,2128,2249,2176,2194,22185,25494,24487
181,2254,2189,2119,2279,2231,2366,2128,2249,2176,2194,22185,25494,24487
182,2254,2189,2119,2279,2231,2364,2128,2249,2176,2194,22183,25494,24487
183,2254,2189,2119,2279,2231,2364,2128,2249,2176,2194,22183,25494,24487
184,2254,2189,2119,2279,2231,2364,2128,2249,2176,2194,22183,25494,24487
185,2254,2189,2119,2279,2231,2364,2128,2249,2176,2194,22183,25494,24487
186,2254,2189,2119,2279,2231,2364,2128,2249,2176,2194,22183,25494,24487
187,2254,2189,2119,2279,2231,2364,2128,2249,2176,2194,22183,25494,24487
188,2254,2189,2119,2279,2231,2364,2128,2249,2176,2194,22183,25494,24487
189,2254,2189,2119,2279,2231,2364,2128,2249,2176,2194,22183,25494,24487
190,2254,2189,2119,2279,2231,2364,2128,2249,2176,2194,22183,25494,24487
191,2254,2189,2119,2279,2231,2364,2128,2249,2176,2194,22183,25494,24487
192,2254,2189,2119,2279,2231,2364,2128,2249,2176,2194,22183,25494,24487
193,2254,2189,2119,2279,2231,2337,2128,2249,2176,2194,22156,25494,24487
194,2254,2189,2119,2279,2231,2337,2128,2249,2176,2194,22156,25494,24487
195,2254,2189,2119,2279,2231,2337,2128,2249,2176,2194,22156,25494,24487
196,2254,2189,2119,2279,2231,2337,2128,2249,2176,2194,22156,25494,24487
197,2254,2189,2119,2279,2231,2337,2128,2249,2176,2194,22156,25494,24487
198,2254,2189,2119,2279,2231,2337,2128,2249,2176,2194,22156,25494,24487
199,2254,2189,2119,2279,2231,2337,2128,2249,2176,2194,22156,25494,24487
200,2254,2189,2119,2279,2231,2337,2128,2249,2176,2194,22156,25494,24487
201,2254,2189,2119,2279,2231,2337,2128,2249,2176,2194,22156,25494,24487
202,2254,2189,2119,2279,2231,2337,2128,2249,2176,2194,22156,25494,24487
203,2254,2189,2119,2279,2231,2337,2128,2249,2176,2194,22156,25494,24487
204,2254,2189,2119,2279,2231,2337,2128,2249,2176,2194,22156,25494,24487
205,2254,2189,2119,2279,2231,2337,2128,2249,2176,2194,22156,25494,24487
206,2254,2189,2119,2279,2231,2337,2128,2249,2176,2194,22156,25494,24487
207,2254,2189,2119,2279,2231,2337,2128,2249,2176,2194,22156,25494,24487
208,2254,2189,2119,2279,2231,2337,2128,2249,2176,2194,22156,25494,24487
209,2254,2189,2119,2279,2231,2337,2128,2249,2176,2194,22156,25494,24487
210,2254,2189,2119,2279,2231,2337,2128,2249,2176,2194,22156,25494,24487
211,2254,2189,2119,2279,2231,2337,2128,2249,2176,2194,22156,25494,24487
212,2254,2189,2119,2279,2231,2337,2128,2249,2176,2194,22156,25494,24487
213,2254,2189,2119,2279,2231,2337,2128,2249,2176,2194,22156,25494,24487
214,2254,2189,2119,2279,2231,2337,2128,2249,2176,2194,22156,25494,24487
215,2254,2189,2119,2279,2231,2337,2128,2249,2176,2194,22156,25494,24487
216,2254,2189,2119,2279,2231,2337,2128,2249,2176,2194,22156,25494,24487
217,2254,2189,2119,2279,2231,2337,2128,2249,2176,2194,22156,25494,24487
218,2254,2189,2119,2279,2231,2337,2128,2249,2176,2194,22156,25494,24487
219,2254,2189,2119,2279,2231,2337,2128,2249,2176,2194,22156,25494,24487
220,2254,2189,2119,2279,2231,2337,2128,2249,2176,2194,22156,25494,24487
221,2254,2189,2119,2279,2231,2337,2128,2249,2176,2194,22156,25494,24487
222,2254,2189,2119,2279,2231,2337,2128,2249,2176,2194,22156,25494,24487
223,2254,2189,2119,2279,2231,2337,2128,2249,2176,2194,22156,25494,24487
224,2254,2189,2119,2279,2231,2337,2128,2249,2176,2194,22156,25494,24487
225,2254,2189,2119,2279,2231,2337,2128,2249,2176,2194,22156,25494,24487
226,2254,2189,2119,2279,2231,2337,2128,2249,2176,2194,22156,25494,24487
227,2254,2189,2119,2279,2231,2337,2128,2249,2176,2194,22156,25494,24487
228,2254,2189,2119,2279,2231,2337,2128,2249,2176,2194,22156,25494,24487
229,2254,2189,2119,2279,2231,2337,2128,2249,2176,2194,22156,25494,24487
230,2254,2170,2119,2279,2231,2337,2128,2249,2176,2194,22137,25494,24487
231,2254,2170,2119,2279,2231,2337,2128,2249,2176,2194,22137,25494,24487
232,2254,2170,2119,2279,2231,2337,2128,2249,2176,2194,22137,25494,24487
233,2254,2170,2119,2279,2231,2337,2128,2249,2176,2194,22137,25494,24487
234,2254,2170,2119,2279,2231,2337,2128,2249,2176,2194,22137,25494,24487
235,2254,2170,2119,2279,2231,2337,2128,2249,2176,2194,22137,25494,24487
236,2254,2170,2119,2279,2231,2337,2128,2249,2176,2194,22137,25494,24487
237,2254,2170,2119,2279,2231,2337,2128,2249,2176,2194,22137,25494,24487
238,2254,2170,2119,2279,2231,2337,2128,2249,2176,2194,22137,25494,24487
239,2254,2170,2119,2279,2231,2337,2128,2249,2176,2194,22137,25494,24487
240,2254,2170,2119,2279,2231,2337,2128,2249,2176,2194,22137,25494,24487
241,2254,2170,2119,2279,2231,2337,2128,2249,2176,2194,22137,25494,24487
242,2254,2170,2119,2279,2231,2337,2128,2249,2176,2194,22137,25494,24487
243,2254,2170,2119,2279,2231,2337,2128,2249,2176,2194,22137,25494,24487
244,2254,2170,2119,2279,2231,2337,2128,2249,2176,2194,22137,25494,24487
245,2254,2170,2119,2279,2231,2337,2128,2249,2176,2194,22137,25494,24487
246,2254,2170,2119,2279,2231,2337,2128,2249,2176,2194,22137,25494,24487
247,2254,2170,2119,2279,2231,2337,2128,2249,2176,2194,22137,25494,24487
248,2254,2170,2119,2279,2231,2337,2128,2249,2176,2194,22137,25494,24487
249,2254,2170,2119,2279,2231,2337,2128,2249,2176,2194,22137,25494,24487
250,2254,2170,2119,2279,2231,2337,2128,2249,2176,2194,22137,25494,24487
251,2254,2170,2119,2279,2231,2337,2128,2246,2176,2194,22134,25494,24487
252,2254,2170,2119,2279,2231,2337,2128,2246,2176,2194,22134,25494,24487
253,2254,2170,2119,2279,2231,2337,2128,2246,2176,2194,22134,25494,24487
254,2254,2170,2119,2279,2231,2337,2128,2246,2176,2194,22134,25494,24487
255,2254,2170,2119,2279,2231,2337,2128,2246,2176,2194,22134,25494,24487
256,2254,2170,2119,2279,2231,2337,2128,2246,2176,2194,22134,25494,24487
257,2254,2170,2119,2279,2231,2337,2128,2246,2176,2194,22134,25494,24487
258,2254,2170,2119,2279,2231,2337,2128,2246,2176,2194,22134,25494,24487
259,2254,2170,2119,2279,2231,2337,2128,2246,2176,2194,22134,25494,24487
260,2254,2170,2119,2279,2231,2322,2128,2246,2176,2194,22119,25494,24487
261,2254,2170,2119,2279,2231,2322,2128,2246,2176,2194,22119,25494,24487
262,2254,2170,2119,2279,2231,2322,2128,2246,2176,2194,22119,25494,24487
263,2254,2170,2119,2279,2231,2322,2128,2246,2176,2194,22119,25494,24487
264,2254,2170,2119,2279,2231,2322,2128,2246,2176,2194,22119,25494,24487
265,2254,2170,2119,2279,2231,2322,2128,2246,2176,2194,22119,25494,24487
266,2254,2170,2119,2279,2231,2322,2128,2246,2176,2194,22119,25494,24487
267,2254,2170,2119,2279,2231,2322,2128,2246,2176,2194,22119,25494,24487
268,2254,2170,2119,2279,2231,2322,2128,2246,2176,2194,22119,25494,24487
269,2254,2170,2119,2279,2231,2322,2128,2246,2176,2194,22119,25494,24487
270,2254,2170,2119,2279,2231,2322,2128,2246,2176,2194,22119,25494,24487
271,2254,2170,2119,2279,2231,2322,2128,2246,2176,2194,22119,25494,24487
272,2254,2170,2119,2279,2231,2322,2128,2246,2176,2194,22119,25494,24487
273,2254,2170,2119,2279,2231,2322,2128,2246,2176,2194,22119,25494,24487
274,2254,2170,2119,2279,2231,2322,2128,2246,2176,2194,22119,25494,24487
275,2254,2170,2119,2279,2231,2322,2128,2246,2176,2194,22119,25494,24487
276,2254,2170,2119,2279,2231,2322,2128,2246,2176,2194,22119,25494,24487
277,2254,2170,2119,2279,2231,2322,2128,2246,2176,2194,22119,25494,24487
278,2254,2170,2119,2279,2231,2322,2128,2233,2176,2194,22106,25494,24487
279,2254,2170,2119,2279,2231,2310,2128,2233,2176,2194,22094,25494,24487
280,2254,2170,2119,2279,2231,2310,2128,2233,2176,2194,22094,25494,24487
281,2254,2170,2119,2279,2231,2310,2128,2233,2176,2194,22094,25494,24487
282,2254,2170,2119,2279,2231,2310,2128,2233,2176,2194,22094,25494,24487
283,2254,2170,2119,2279,2231,2310,2128,2233,2176,2194,22094,25494,24487
284,2254,2170,2119,2279,2231,2310,2128,2233,2176,2194,22094,25494,24487
285,2254,2170,2119,2279,2231,2310,2128,2233,2176,2194,22094,25494,24487
286,2254,2170,2119,2279,2231,2310,2128,2233,2176,2194,22094,25494,24487
287,2254,2170,2119,2279,2231,2310,2128,2233,2176,2194,22094,25494,24487
288,2254,2170,2119,2279,2231,2310,2128,2233,2176,2194,22094,25494,24487
289,2254,2170,2119,2279,2231,2310,2128,2233,2176,2194,22094,25494,24487
290,2254,2170,2119,2279,2231,2310,2128,2233,2176,2194,22094,25494,24487
291,2254,2170,2119,2279,2231,2310,2128,2233,2176,2194,22094,25494,24487
292,2254,2170,2119,2279,2231,2310,2128,2233,2176,2194,22094,25494,24487
293,2254,2170,2119,2279,2231,2310,2128,2233,2176,2194,22094,25494,24487
294,2254,2170,2119,2279,2231,2310,2128,2233,2176,2194,22094,25494,24487
295,2254,2170,2119,2279,2223,2310,2128,2233,2176,2194,22086,25494,24487
296,2254,2170,2119,2279,2223,2310,2128,2233,2176,2194,22086,25494,24487
297,2254,2170,2119,2279,2223,2310,2128,2233,2176,2194,22086,25494,24487
298,2254,2170,2119,2279,2223,2310,2128,2233,2176,2194,22086,25494,24487
299,2254,2170,2119,2279,2223,2310,2128,2233,2176,2194,22086,25494,24487
300,2254,2170,2119,2279,2223,2310,2128,2233,2176,2194,22086,25494,24487
301,2254,2170,2119,2279,2223,2310,2128,2233,2176,2194,22086,25494,24487
302,2254,2170,2119,2279,2223,2310,2128,2233,2176,2194,22086,25494,24487
303,2254,2170,2119,2279,2223,2310,2128,2233,2176,2194,22086,25494,24487
304,2254,2170,2119,2279,2223,2310,2128,2233,2176,2194,22086,25494,24487
305,2254,2170,2119,2279,2223,2310,2128,2233,2176,2194,22086,25494,24487
306,2254,2170,2119,2279,2223,2310,2128,2233,2176,2194,22086,25494,24487
307,2254,2170,2119,2279,2223,2310,2128,2233,2176,2194,22086,25494,24487
308,2254,2170,2119,2279,2223,2310,2128,2233,2176,2194,22086,25494,24487
309,2254,2170,2119,2279,2223,2310,2128,2233,2176,2194,22086,25494,24487
310,2254,2170,2119,2279,2223,2310,2128,2233,2176,2194,22086,25494,24487
311,2254,2170,2119,2279,2223,2310,2128,2233,2176,2194,22086,25494,24487
312,2254,2170,2119,2279,2223,2310,2128,2206,2176,2194,22059,25494,24487
313,2254,2170,2119,2279,2223,2310,2128,2206,2176,2194,22059,25494,24487
314,2254,2170,2119,2279,2223,2310,2128,2206,2176,2194,22059,25494,24487
315,2254,2170,2119,2279,2223,2310,2128,2206,2176,2194,22059,25494,24487
316,2254,2170,2119,2279,2223,2310,2128,2206,2176,2194,22059,25494,24487
317,2254,2170,2119,2279,2223,2310,2128,2206,2176,2194,22059,25494,24487
318,2254,2170,2119,2279,2223,2310,2128,2206,2176,2194,22059,25494,24487
319,2254,2170,2119,2279,2223,2310,2128,2206,2176,2194,22059,25494,24487
320,2254,2170,2119,2279,2223,2310,2128,2206,2176,2194,22059,25494,24487
321,2254,2170,2119,2279,2223,2310,2128,2206,2176,2194,22059,25494,24487
322,2254,2170,2119,2279,2223,2310,2128,2206,2176,2194,22059,25494,24487
323,2254,2170,2119,2279,2223,2310,2128,2206,2176,2194,22059,25494,24487
324,2254,2170,2119,2279,2223,2310,2128,2206,2176,2194,22059,25494,24487
325,2254,2170,2119,2279,2223,2310,2128,2206,2176,2194,22059,25494,24487
326,2254,2170,2119,2279,2223,2310,2128,2206,2176,2194,22059,25494,24487
327,2254,2170,2119,2279,2223,2310,2128,2206,2176,2194,22059,25494,24487
328,2254,2170,2119,2279,2223,2310,2128,2206,2176,2194,22059,25494,24487
329,2254,2170,2119,2279,2223,2310,2128,2206,2176,2194,22059,25494,24487
330,2254,2170,2119,2279,2223,2310,2128,2206,2176,2194,22059,25494,24487
331,2254,2170,2119,2279,2223,2310,2128,2206,2176,2194,22059,25494,24487
332,2254,2170,2119,2279,2223,2310,2128,2206,2176,2194,22059,25494,24487
333,2254,2170,2119,2279,2223,2310,2128,2206,2176,2194,22059,25494,24487
334,2254,2170,2119,2279,2223,2310,2128,2206,2176,2194,22059,25494,24487
335,2254,2170,2119,2279,2223,2310,2128,2206,2176,2194,22059,25494,24487
336,2254,2170,2119,2279,2223,2310,2128,2206,2176,2194,22059,25494,24487
337,2254,2170,2119,2279,2223,2310,2128,2206,2176,2194,22059,25494,24487
338,2254,2170,2119,2279,2223,2310,2128,2206,2176,2194,22059,25494,24487
339,2254,2170,2119,2279,2223,2310,2128,2206,2176,2194,22059,25494,24487
340,2254,2170,2119,2279,2223,2310,2128,2206,2176,2194,22059,25494,24487
341,2254,2170,2119,2279,2223,2310,2128,2206,2176,2194,22059,25494,24487
342,2254,2170,2119,2279,2223,2310,2128,2206,2176,2194,22059,25494,24487
343,2254,2170,2119,2279,2223,2310,2128,2206,2176,2194,22059,25494,24487
344,2254,2170,2119,2279,2223,2310,2128,2206,2176,2194,22059,25494,24487
345,2254,2170,2119,2279,2223,2310,2128,2206,2176,2194,22059,25494,24487
346,2254,2170,2119,2279,2223,2310,2128,2206,2176,2194,22059,25494,24487
347,2254,2170,2119,2279,2223,2310,2128,2206,2176,2194,22059,25494,24487
348,2254,2170,2119,2279,2223,2310,2128,2206,2176,2194,22059,25494,24487
349,2254,2170,2119,2279,2223,2310,2128,2206,2176,2194,22059,25494,24487
350,2254,2170,2119,2279,2223,2310,2128,2206,2176,2194,22059,25494,24487
351,2254,2170,2119,2279,2223,2310,2128,2206,2176,2194,22059,25494,24487
352,2254,2170,2119,2279,2223,2310,2128,2206,2176,2194,22059,25494,24487
353,2254,2170,2119,2279,2223,2310,2128,2206,2176,2194,22059,25494,24487
354,2254,2170,2119,2279,2223,2310,2128,2206,2176,2194,22059,25494,24487
355,2254,2170,2119,2279,2223,2310,2128,2206,2176,2194,22059,25494,24487
356,2254,2170,2119,2279,2223,2310,2128,2200,2176,2194,22053,25494,24487
357,2254,2170,2119,2279,2223,2310,2128,2200,2176,2194,22053,25494,24487
358,2254,2170,2119,2279,2223,2310,2128,2200,2176,2194,22053,25494,24487
359,2254,2170,2119,2279,2223,2310,2128,2200,2176,2194,22053,25494,24487
360,2254,2170,2119,2279,2223,2310,2128,2200,2176,2194,22053,25494,24487
361,2254,2170,2119,2279,2223,2310,2128,2200,2176,2194,22053,25494,24487
362,2254,2170,2119,2279,2223,2310,2128,2200,2176,2194,22053,25494,24487
363,2254,2170,2119,2279,2223,2310,2128,2200,2176,2194,22053,25494,24487
364,2254,2170,2119,2279,2223,2310,2128,2200,2176,2194,22053,25494,24487
365,2254,2170,2119,2279,2223,2310,2128,2200,2176,2194,22053,25494,24487
366,2254,2170,2119,2279,2223,2310,2128,2200,2176,2194,22053,25494,24487
367,2254,2170,2119,2279,2223,2310,2128,2200,2176,2194,22053,25494,24487
368,2254,2170,2119,2279,2223,2310,2128,2200,2176,2194,22053,25494,24487
369,2254,2170,2119,2269,2223,2310,2128,2186,2176,2194,22029,25494,24487
370,2254,2170,2119,2269,2223,2310,2128,2186,2176,2194,22029,25494,24487
371,2254,2170,2119,2269,2223,2310,2128,2177,2176,2194,22020,25494,24487
372,2254,2170,2119,2269,2223,2310,2128,2177,2176,2194,22020,25494,24487
373,2254,2170,2119,2269,2223,2310,2128,2177,2176,2194,22020,25494,24487
374,2254,2170,2119,2269,2223,2310,2128,2177,2176,2194,22020,25494,24487
375,2254,2170,2119,2269,2223,2310,2128,2177,2176,2194,22020,25494,24487
376,2254,2170,2119,2269,2223,2310,2128,2177,2176,2194,22020,25494,24487
377,2254,2170,2119,2269,2223,2310,2128,2177,2176,2194,22020,25494,24487
378,2254,2170,2119,2269,2223,2310,2128,2177,2176,2194,22020,25494,24487
379,2254,2170,2119,2269,2223,2310,2128,2170,2176,2194,22013,25494,24487
380,2254,2170,2119,2269,2223,2310,2128,2170,2176,2194,22013,25494,24487
381,2254,2170,2119,2269,2223,2310,2128,2169,2176,2194,22012,25494,24487
382,2254,2170,2119,2269,2223,2310,2128,2169,2176,2194,22012,25494,24487
383,2254,2170,2119,2269,2223,2310,2128,2169,2176,2194,22012,25494,24487
384,2254,2170,2119,2269,2223,2310,2128,2169,2176,2194,22012,25494,24487
385,2254,2170,2119,2269,2223,2310,2128,2161,2176,2194,22004,25494,24487
386,2254,2170,2119,2269,2223,2310,2128,2161,2176,2194,22004,25494,24487
387,2254,2170,2119,2269,2223,2310,2128,2161,2176,2194,22004,25494,24487
388,2254,2170,2119,2269,2223,2310,2128,2161,2176,2194,22004,25494,24487
389,2254,2170,2119,2269,2223,2310,2128,2161,2176,2194,22004,25494,24487
390,2254,2170,2119,2269,2223,2310,2128,2161,2176,2194,22004,25494,24487
391,2254,2170,2119,2269,2223,2310,2128,2161,2176,2194,22004,25494,24487
392,2254,2170,2119,2269,2223,2310,2128,2161,2176,2194,22004,25494,24487
393,2254,2170,2119,2269,2223,2310,2128,2161,2176,2194,22004,25494,24487
394,2254,2170,2119,2269,2223,2310,2128,2161,2176,2194,22004,25494,24487
395,2254,2170,2119,2269,2223,2310,2128,2153,2176,2194,21996,25494,24487
396,2254,2170,2119,2269,2223,2310,2128,2153,2176,2194,21996,25494,24487
397,2254,2170,2119,2269,2223,2310,2128,2153,2176,2194,21996,25494,24487
398,2254,2170,2119,2269,2223,2310,2128,2153,2176,2194,21996,25494,24487
399,2254,2170,2119,2269,2223,2310,2128,2153,2176,2194,21996,25494,24487
400,2254,2170,2119,2269,2223,2310,2128,2153,2176,2194,21996,25494,24487
401,2254,2170,2119,2269,2223,2310,2128,2153,2176,2194,21996,25494,24487
402,2254,2170,2119,2269,2223,2310,2128,2153,2176,2194,21996,25494,24487
403,2254,2170,2119,2269,2223,2310,2128,2147,2176,2194,21990,25494,24487
404,2254,2170,2119,2269,2223,2310,2128,2147,2176,2194,21990,25494,24487
405,2254,2170,2119,2269,2223,2310,2128,2147,2176,2194,21990,25494,24487
406,2254,2170,2119,2269,2223,2310,2128,2147,2176,2194,21990,25494,24487
407,2254,2170,2119,2269,2223,2310,2128,2147,2176,2194,21990,25494,24487
408,2254,2170,2119,2269,2223,2310,2128,2147,2176,2194,21990,25494,24487
409,2254,2170,2119,2269,2223,2310,2128,2147,2176,2194,21990,25494,24487
410,2254,2170,2119,2269,2223,2310,2128,2147,2176,2194,21990,25494,24487
411,2254,2170,2119,2269,2223,2310,2128,2147,2176,2194,21990,25494,24487
412,2254,2170,2119,2269,2223,2310,2128,2147,2176,2194,21990,25494,24487
413,2254,2170,2119,2269,2223,2310,2128,2147,2176,2194,21990,25494,24487
414,2254,2170,2119,2269,2223,2310,2128,2147,2176,2194,21990,25494,24487
415,2254,2170,2119,2269,2223,2310,2128,2147,2176,2194,21990,25494,24487
416,2254,2170,2119,2269,2223,2310,2128,2147,2176,2194,21990,25494,24487
417,2254,2170,2119,2269,2223,2310,2128,2147,2176,2194,21990,25494,24487
418,2254,2170,2119,2269,2223,2310,2128,2147,2176,2194,21990,25494,24487
419,2254,2170,2119,2269,2223,2310,2128,2147,2176,2194,21990,25494,24487
420,2254,2170,2119,2269,2223,2310,2128,2147,2176,2194,21990,25494,24487
421,2254,2170,2119,2269,2223,2310,2128,2147,2176,2194,21990,25494,24487
422,2254,2170,2119,2269,2223,2310,2128,2147,2176,2194,21990,25494,24487
423,2254,2170,2119,2269,2223,2310,2128,2147,2176,2194,21990,25494,24487
424,2254,2170,2119,2269,2223,2310,2128,2147,2176,2194,21990,25494,24487
425,2254,2170,2119,2269,2223,2310,2128,2147,2176,2194,21990,25494,24487
426,2254,2170,2119,2269,2223,2310,2128,2147,2176,2194,21990,25494,24487
427,2254,2170,2119,2269,2223,2310,2128,2147,2176,2194,21990,25494,24487
428,2254,2170,2119,2269,2223,2310,2128,2147,2176,2194,21990,25494,24487
429,2254,2170,2119,2269,2223,2310,2128,2147,2176,2194,21990,25494,24487
430,2254,2170,2119,2269,2223,2310,2128,2147,2176,2194,21990,25494,24487
431,2254,2170,2119,2269,2223,2310,2128,2147,2176,2194,21990,25494,24487
432,2254,2170,2119,2269,2223,2310,2128,2147,2176,2194,21990,25494,24487
433,2254,2170,2119,2269,2223,2310,2128,2147,2176,2194,21990,25494,24487
434,2254,2170,2119,2269,2223,2310,2128,2147,2176,2194,21990,25494,24487
435,2254,2170,2119,2269,2223,2310,2128,2147,2176,2194,21990,25494,24487
436,2254,2170,2119,2269,2223,2310,2128,2147,2176,2194,21990,25494,24487
437,2254,2170,2119,2269,2223,2310,2128,2147,2176,2194,21990,25494,24487
438,2254,2170,2119,2269,2223,2310,2128,2147,2176,2194,21990,25494,24487
439,2254,2170,2119,2269,2223,2310,2128,2147,2176,2194,21990,25494,24487
440,2254,2170,2119,2269,2223,2310,2128,2147,2176,2194,21990,25494,24487
441,2254,2170,2119,2269,2223,2310,2128,2147,2176,2194,21990,25494,24487
442,2254,2170,2119,2269,2223,2310,2128,2147,2176,2194,21990,25494,24487
443,2254,2170,2119,2269,2223,2310,2128,2147,2176,2194,21990,25494,24487
444,2254,2170,2119,2269,2223,2310,2128,2147,2176,2194,21990,25494,24487
445,2254,2170,2119,2269,2223,2310,2128,2147,2176,2194,21990,25494,24487
446,2254,2170,2119,2269,2223,2310,2128,2147,2176,2194,21990,25494,24487
447,2254,2170,2119,2269,2223,2310,2128,2147,2176,2194,21990,25494,24487
448,2254,2170,2119,2269,2223,2310,2128,2147,2176,2194,21990,25494,24487
449,2254,2170,2119,2269,2223,2310,2128,2147,2176,2194,21990,25494,24487
450,2254,2170,2119,2269,2223,2310,2128,2147,2176,2194,21990,25494,24487
451,2254,2170,2119,2269,2223,2310,2128,2147,2176,2194,21990,25494,24487
452,2254,2170,2119,2269,2223,2310,2128,2147,2176,2194,21990,25494,24487
453,2254,2170,2119,2269,2223,2310,2128,2147,2176,2194,21990,25494,24487
454,2254,2170,2119,2269,2223,2310,2128,2147,2176,2194,21990,25494,24487
455,2254,2170,2119,2269,2223,2310,2128,2147,2176,2194,21990,25494,24487
456,2254,2170,2119,2269,2223,2310,2128,2147,2176,2194,21990,25494,24487
457,2254,2170,2119,2269,2223,2310,2128,2147,2176,2194,21990,25494,24487
458,2254,2170,2119,2269,2223,2310,2128,2147,2176,2194,21990,25494,24487
459,2254,2170,2119,2269,2223,2310,2128,2147,2176,2194,21990,25494,24487
460,2254,2170,2119,2269,2223,2310,2128,2147,2176,2194,21990,25494,24487
461,2254,2170,2119,2269,2223,2310,2128,2147,2176,2194,21990,25494,24487
462,2254,2170,2119,2269,2223,2310,2128,2147,2176,2194,21990,25494,24487
463,2254,2170,2119,2269,2223,2310,2128,2147,2176,2194,21990,25494,24487
464,2254,2170,2119,2268,2223,2310,2128,2147,2176,2194,21989,25494,24487
465,2254,2170,2119,2268,2223,2310,2128,2147,2176,2194,21989,25494,24487
466,2254,2170,2119,2268,2223,2310,2128,2147,2176,2194,21989,25494,24487
467,2254,2170,2119,2268,2223,2310,2128,2147,2176,2194,21989,25494,24487
468,2254,2170,2119,2268,2223,2310,2128,2147,2176,2194,21989,25494,24487
469,2254,2170,2119,2268,2223,2310,2128,2147,2176,2194,21989,25494,24487
470,2254,2170,2119,2268,2223,2310,2128,2147,2176,2194,21989,25494,24487
471,2254,2170,2119,2268,2223,2310,2128,2147,2176,2194,21989,25494,24487
472,2254,2170,2119,2268,2223,2310,2128,2147,2176,2194,21989,25494,24487
473,2254,2170,2119,2268,2223,2310,2128,2147,2176,2194,21989,25494,24487
474,2254,2170,2119,2268,2223,2310,2128,2147,2176,2194,21989,25494,24487
475,2254,2170,2119,2268,2223,2310,2128,2147,2176,2194,21989,25494,24487
476,2254,2170,2119,2268,2223,2310,2128,2147,2176,2194,21989,25494,24487
477,2254,2170,2119,2268,2223,2310,2128,2147,2176,2194,21989,25494,24487
478,2254,2170,2119,2268,2223,2310,2128,2147,2176,2194,21989,25494,24487
479,2254,2170,2119,2268,2223,2310,2128,2147,2176,2194,21989,25494,24487
480,2254,2170,2119,2268,2223,2310,2128,2147,2176,2194,21989,25494,24487
481,2254,2170,2119,2268,2223,2310,2128,2147,2176,2194,21989,25494,24487
482,2254,2170,2119,2268,2223,2310,2128,2147,2176,2194,21989,25494,24487
483,2254,2170,2119,2268,2223,2310,2128,2147,2176,2194,21989,25494,24487
484,2254,2170,2119,2268,2223,2310,2128,2147,2176,2194,21989,25494,24487
485,2254,2170,2119,2268,2223,2310,2128,2147,2176,2194,21989,25494,24487
486,2254,2170,2119,2268,2223,2310,2128,2147,2176,2194,21989,25494,24487
487,2254,2170,2119,2268,2223,2310,2128,2147,2176,2194,21989,25494,24487
488,2254,2170,2119,2268,2223,2310,2128,2147,2176,2194,21989,25494,24487
489,2254,2170,2119,2268,2222,2310,2128,2147,2176,2194,21988,25494,24487
490,2254,2170,2119,2268,2222,2310,2128,2147,2176,2194,21988,25494,24487
491,2254,2170,2119,2268,2222,2310,2128,2147,2176,2194,21988,25494,24487
492,2254,2170,2119,2268,2222,2310,2128,2147,2176,2194,21988,25494,24487
493,2254,2170,2119,2268,2222,2310,2128,2147,2176,2194,21988,25494,24487
494,2254,2170,2119,2268,2222,2310,2128,2147,2176,2194,21988,25494,24487
495,2254,2170,2119,2268,2222,2310,2128,2147,2176,2194,21988,25494,24487
496,2254,2170,2119,2268,2222,2310,2128,2147,2176,2194,21988,25494,24487
497,2254,2170,2119,2268,2222,2310,2128,2147,2176,2194,21988,25494,24487
498,2254,2170,2119,2268,2222,2310,2128,2147,2176,2194,21988,25494,24487
499,2254,2170,2119,2268,2222,2310,2128,2147,2176,2194,21988,25494,24487
500,2254,2170,2119,2268,2222,2310,2128,2147,2176,2194,21988,25494,24487
501,2254,2170,2119,2268,2222,2310,2128,2147,2176,2194,21988,25494,24487
502,2254,2170,2119,2268,2222,2310,2128,2147,2176,2194,21988,25494,24487
503,2254,2170,2119,2268,2222,2310,2128,2147,2176,2194,21988,25494,24487
504,2254,2170,2119,2268,2222,2310,2128,2147,2176,2194,21988,25494,24487
505,2254,2170,2119,2268,2222,2310,2128,2147,2176,2194,21988,25494,24487
506,2254,2170,2119,2268,2222,2310,2128,2147,2176,2194,21988,25494,24487
507,2254,2170,2119,2262,2222,2310,2128,2147,2176,2194,21982,25494,24487
508,2254,2170,2119,2262,2222,2310,2128,2139,2176,2194,21974,25494,24487
509,2254,2170,2119,2262,2222,2310,2128,2139,2176,2194,21974,25494,24487
510,2254,2170,2119,2262,2222,2310,2128,2139,2176,2194,21974,25494,24487
511,2254,2170,2119,2262,2222,2310,2128,2139,2176,2194,21974,25494,24487
512,2254,2170,2119,2262,2222,2310,2128,2139,2176,2194,21974,25494,24487
513,2254,2170,2119,2262,2222,2310,2128,2139,2176,2194,21974,25494,24487
514,2254,2170,2119,2262,2222,2310,2128,2139,2176,2194,21974,25494,24487
515,2254,2170,2119,2262,2222,2310,2128,2139,2176,2194,21974,25494,24487
516,2254,2170,2119,2262,2222,2310,2128,2139,2176,2194,21974,25494,24487
517,2254,2170,2119,2262,2222,2310,2128,2139,2176,2194,21974,25494,24487
518,2254,2170,2119,2262,2222,2310,2128,2139,2176,2194,21974,25494,24487
519,2254,2170,2119,2262,2222,2310,2128,2139,2176,2194,21974,25494,24487
520,2254,2170,2119,2262,2222,2310,2128,2139,2176,2194,21974,25494,24487
521,2254,2170,2119,2262,2222,2310,2128,2139,2176,2194,21974,25494,24487
522,2254,2170,2119,2262,2222,2310,2128,2139,2176,2194,21974,25494,24487
523,2254,2170,2119,2262,2222,2310,2128,2139,2176,2194,21974,25494,24487
524,2254,2170,2119,2262,2222,2310,2128,2139,2176,2194,21974,25494,24487
525,2254,2170,2119,2262,2222,2310,2128,2139,2176,2194,21974,25494,24487
526,2254,2170,2119,2262,2222,2310,2128,2139,2176,2194,21974,25494,24487
527,2254,2170,2119,2262,2222,2310,2128,2139,2176,2194,21974,25494,24487
528,2254,2170,2119,2262,2222,2310,2128,2139,2176,2194,21974,25494,24487
529,2254,2170,2119,2262,2222,2310,2128,2139,2176,2194,21974,25494,24487
530,2254,2170,2119,2262,2222,2310,2128,2139,2176,2194,21974,25494,24487
531,2254,2170,2119,2262,2222,2310,2128,2139,2176,2194,21974,25494,24487
532,2254,2170,2119,2262,2222,2310,2128,2139,2176,2194,21974,25494,24487
533,2254,2170,2119,2262,2222,2310,2128,2139,2176,2194,21974,25494,24487
534,2254,2170,2119,2262,2222,2310,2128,2139,2176,2194,21974,25494,24487
535,2254,2170,2119,2262,2222,2310,2128,2139,2176,2194,21974,25494,24487
536,2254,2170,2119,2262,2222,2310,2128,2139,2176,2194,21974,25494,24487
537,2254,2170,2119,2262,2222,2310,2128,2139,2176,2194,21974,25494,24487
538,2254,2170,2119,2262,2222,2310,2128,2139,2176,2194,21974,25494,24487
539,2254,2170,2119,2262,2222,2310,2128,2139,2176,2194,21974,25494,24487
540,2254,2170,2119,2262,2222,2310,2128,2139,2176,2194,21974,25494,24487
541,2254,2170,2119,2262,2222,2310,2128,2139,2176,2194,21974,25494,24487
542,2254,2170,2119,2262,2222,2310,2128,2139,2176,2194,21974,25494,24487
543,2254,2170,2119,2262,2222,2310,2128,2139,2176,2194,21974,25494,24487
544,2254,2170,2119,2262,2222,2310,2128,2139,2176,2194,21974,25494,24487
545,2254,2170,2119,2262,2222,2310,2128,2139,2176,2194,21974,25494,24487
546,2254,2170,2119,2262,2222,2310,2128,2139,2176,2194,21974,25494,24487
547,2254,2170,2119,2262,2222,2310,2128,2139,2176,2194,21974,25494,24487
548,2254,2170,2119,2262,2222,2310,2128,2139,2176,2194,21974,25494,24487
549,2254,2170,2119,2262,2222,2310,2128,2139,2176,2194,21974,25494,24487
550,2254,2170,2119,2262,2222,2310,2128,2139,2176,2194,21974,25494,24487
551,2254,2170,2119,2262,2222,2310,2128,2139,2176,2194,21974,25494,24487
552,2254,2170,2119,2262,2222,2310,2128,2139,2176,2194,21974,25494,24487
553,2254,2170,2119,2262,2222,2310,2128,2139,2176,2194,21974,25494,24487
554,2254,2170,2119,2262,2222,2310,2128,2139,2176,2194,21974,25494,24487
555,2254,2170,2119,2262,2222,2310,2128,2139,2176,2194,21974,25494,24487
556,2254,2170,2119,2262,2222,2310,2128,2139,2176,2194,21974,25494,24487
557,2254,2170,2119,2262,2222,2310,2128,2139,2176,2194,21974,25494,24487
558,2254,2170,2119,2262,2222,2310,2128,2139,2176,2194,21974,25494,24487
559,2254,2170,2119,2262,2222,2310,2128,2139,2176,2194,21974,25494,24487
560,2254,2170,2119,2262,2222,2310,2128,2139,2176,2194,21974,25494,24487
561,2254,2170,2119,2262,2222,2310,2128,2139,2176,2194,21974,25494,24487
562,2254,2170,2119,2262,2222,2310,2128,2139,2176,2194,21974,25494,24487
563,2254,2170,2119,2262,2222,2310,2128,2139,2176,2194,21974,25494,24487
564,2254,2170,2119,2262,2222,2310,2128,2139,2176,2194,21974,25494,24487
565,2254,2170,2119,2262,2222,2310,2128,2139,2176,2194,21974,25494,24487
566,2254,2170,2119,2262,2222,2310,2128,2139,2176,2194,21974,25494,24487
567,2254,2170,2119,2262,2222,2310,2128,2139,2176,2194,21974,25494,24487
568,2254,2170,2119,2262,2222,2310,2128,2139,2176,2194,21974,25494,24487
569,2254,2170,2119,2262,2222,2310,2128,2139,2176,2194,21974,25494,24487
570,2254,2170,2119,2262,2222,2310,2128,2139,2176,2194,21974,25494,24487
571,2254,2170,2119,2262,2222,2310,2128,2139,2176,2194,21974,25494,24487
572,2254,2170,2119,2262,2222,2310,2128,2139,2176,2194,21974,25494,24487
573,2254,2170,2119,2262,2222,2310,2128,2139,2176,2194,21974,25494,24487
574,2254,2170,2119,2262,2222,2310,2128,2139,2176,2194,21974,25494,24487
575,2254,2170,2119,2262,2222,2310,2128,2139,2176,2194,21974,25494,24487
576,2254,2170,2119,2262,2222,2310,2128,2139,2176,2194,21974,25494,24487
577,2254,2170,2119,2262,2222,2310,2128,2139,2176,2194,21974,25494,24487
578,2254,2170,2119,2262,2222,2310,2128,2139,2176,2194,21974,25494,24487
579,2254,2170,2119,2262,2222,2310,2128,2139,2176,2194,21974,25494,24487
580,2254,2170,2119,2262,2222,2310,2128,2139,2176,2194,21974,25494,24487
581,2254,2170,2119,2262,2222,2310,2128,2139,2176,2194,21974,25494,24487
582,2254,2170,2119,2262,2222,2310,2128,2139,2176,2194,21974,25494,24487
583,2254,2170,2119,2262,2222,2310,2128,2139,2176,2194,21974,25494,24487
584,2254,2170,2119,2262,2222,2310,2128,2139,2176,2194,21974,25494,24487
585,2254,2170,2119,2262,2222,2310,2128,2139,2176,2194,21974,25494,24487
586,2254,2170,2119,2262,2222,2310,2128,2139,2176,2194,21974,25494,24487
587,2254,2170,2119,2262,2222,2310,2128,2139,2176,2194,21974,25494,24487
588,2254,2170,2119,2262,2222,2310,2128,2139,2176,2194,21974,25494,24487
589,2254,2170,2119,2262,2222,2310,2128,2139,2176,2194,21974,25494,24487
590,2254,2170,2119,2262,2222,2310,2128,2139,2176,2194,21974,25494,24487
591,2254,2170,2119,2262,2222,2310,2128,2139,2176,2194,21974,25494,24487
592,2254,2170,2119,2262,2222,2310,2128,2139,2176,2194,21974,25494,24487
593,2254,2170,2119,2262,2222,2310,2128,2139,2176,2194,21974,25494,24487
594,2254,2170,2119,2262,2222,2310,2128,2139,2176,2194,21974,25494,24487
595,2254,2170,2119,2262,2222,2310,2128,2139,2176,2194,21974,25494,24487
596,2254,2170,2119,2262,2222,2310,2128,2139,2176,2194,21974,25494,24487
597,2254,2170,2119,2262,2222,2310,2128,2139,2176,2194,21974,25494,24487
598,2254,2170,2119,2262,2222,2310,2128,2139,2176,2194,21974,25494,24487
599,2254,2170,2119,2262,2222,2310,2128,2139,2176,2194,21974,25494,24487
600,2254,2170,2119,2262,2222,2310,2128,2139,2176,2194,21974,25494,24487
601,2254,2170,2119,2262,2222,2310,2128,2139,2176,2194,21974,25494,24487
602,2254,2170,2119,2262,2222,2310,2128,2139,2176,2194,21974,25494,24487
603,2254,2170,2119,2262,2222,2310,2128,2139,2176,2194,21974,25494,24487
604,2254,2170,2119,2262,2222,2310,2128,2139,2176,2194,21974,25494,24487
605,2254,2170,2119,2262,2222,2310,2128,2139,2176,2194,21974,25494,24487
606,2254,2170,2119,2262,2222,2310,2128,2139,2176,2194,21974,25494,24487
607,2254,2170,2119,2262,2222,2310,2128,2139,2176,2194,21974,25494,24487
608,2254,2170,2119,2262,2222,2310,2128,2139,2176,2194,21974,25494,24487
609,2254,2170,2119,2262,2222,2310,2128,2139,2176,2194,21974,25494,24487
610,2254,2170,2119,2262,2222,2310,2128,2139,2176,2194,21974,25494,24487
611,2254,2170,2119,2262,2222,2310,2128,2139,2176,2194,21974,25494,24487
612,2254,2170,2119,2262,2222,2310,2128,2139,2176,2194,21974,25494,24487
613,2254,2170,2119,2262,2222,2310,2128,2139,2176,2194,21974,25494,24487
614,2254,2170,2119,2262,2222,2310,2128,2139,2176,2194,21974,25494,24487
615,2254,2170,2119,2262,2222,2310,2128,2139,2176,2194,21974,25494,24487
616,2254,2170,2119,2262,2222,2310,2128,2139,2176,2194,21974,25494,24487
617,2254,2170,2119,2262,2222,2310,2128,2139,2176,2194,21974,25494,24487
618,2254,2170,2119,2262,2222,2310,2128,2139,2176,2194,21974,25494,24487
619,2254,2170,2119,2262,2222,2310,2128,2139,2176,2194,21974,25494,24487
620,2254,2170,2119,2262,2222,2310,2128,2139,2176,2194,21974,25494,24487
621,2254,2170,2119,2262,2222,2310,2128,2139,2176,2194,21974,25494,24487
622,2254,2170,2119,2262,2222,2310,2128,2139,2176,2194,21974,25494,24487
623,2254,2170,2119,2262,2222,2310,2128,2139,2176,2194,21974,25494,24487
624,2254,2170,2119,2262,2222,2310,2128,2139,2176,2194,21974,25494,24487
625,2254,2170,2119,2262,2222,2310,2128,2139,2176,2194,21974,25494,24487
626,2254,2170,2119,2262,2222,2310,2128,2139,2176,2194,21974,25494,24487
627,2254,2170,2119,2262,2222,2310,2128,2139,2176,2194,21974,25494,24487
628,2254,2170,2119,2262,2222,2310,2128,2139,2176,2194,21974,25494,24487
629,2254,2170,2119,2262,2222,2310,2128,2139,2176,2194,21974,25494,24487
630,2254,2170,2119,2262,2222,2310,2128,2139,2176,2194,21974,25494,24487
631,2254,2170,2119,2262,2222,2310,2128,2139,2176,2194,21974,25494,24487
632,2254,2170,2119,2262,2222,2310,2128,2139,2176,2194,21974,25494,24487
633,2254,2170,2119,2262,2222,2310,2128,2139,2176,2194,21974,25494,24487
634,2254,2170,2119,2262,2222,2310,2128,2139,2176,2194,21974,25494,24487
635,2254,2170,2119,2262,2222,2310,2128,2139,2176,2194,21974,25494,24487
636,2254,2170,2119,2262,2222,2310,2128,2139,2176,2194,21974,25494,24487
637,2254,2170,2119,2262,2222,2310,2128,2139,2176,2194,21974,25494,24487
638,2254,2170,2119,2262,2222,2310,2128,2139,2176,2194,21974,25494,24487
639,2254,2170,2119,2262,2222,2310,2128,2139,2176,2194,21974,25494,24487
640,2254,2170,2119,2262,2222,2310,2128,2139,2176,2194,21974,25494,24487
641,2254,2170,2119,2262,2222,2310,2128,2139,2176,2194,21974,25494,24487
642,2254,2170,2119,2262,2222,2310,2128,2139,2176,2194,21974,25494,24487
643,2254,2170,2119,2262,2222,2310,2128,2139,2176,2194,21974,25494,24487
644,2254,2170,2119,2262,2222,2310,2128,2139,2176,2194,21974,25494,24487
645,2254,2170,2119,2262,2222,2310,2128,2139,2176,2194,21974,25494,24487
646,2254,2170,2119,2262,2222,2310,2128,2139,2176,2194,21974,25494,24487
647,2254,2170,2119,2262,2222,2310,2128,2139,2176,2194,21974,25494,24487
648,2254,2170,2119,2262,2222,2310,2128,2139,2176,2194,21974,25494,24487
649,2254,2170,2119,2262,2222,2310,2128,2139,2176,2194,21974,25494,24487
650,2254,2170,2119,2262,2222,2310,2128,2139,2176,2194,21974,25494,24487
651,2254,2170,2119,2262,2222,2302,2128,2139,2176,2194,21966,25494,24487
652,2254,2170,2119,2262,2222,2302,2128,2139,2176,2194,21966,25494,24487
653,2254,2170,2119,2262,2222,2302,2128,2139,2176,2194,21966,25494,24487
654,2254,2170,2119,2262,2222,2302,2128,2139,2176,2194,21966,25494,24487
655,2254,2170,2119,2262,2222,2302,2128,2139,2176,2194,21966,25494,24487
656,2254,2170,2119,2262,2222,2302,2128,2139,2176,2194,21966,25494,24487
657,2254,2170,2119,2262,2222,2302,2128,2139,2176,2194,21966,25494,24487
658,2254,2170,2119,2262,2222,2302,2128,2139,2176,2194,21966,25494,24487
659,2254,2170,2119,2262,2222,2302,2128,2139,2176,2194,21966,25494,24487
660,2254,2170,2119,2262,2222,2302,2128,2139,2176,2194,21966,25494,24487
661,2254,2170,2119,2262,2222,2302,2128,2139,2176,2194,21966,25494,24487
662,2254,2170,2119,2259,2222,2302,2128,2139,2176,2194,21963,25494,24487
663,2254,2170,2119,2259,2222,2302,2128,2139,2176,2194,21963,25494,24487
664,2254,2170,2119,2259,2222,2302,2128,2139,2176,2194,21963,25494,24487
665,2254,2170,2119,2259,2222,2302,2128,2139,2176,2194,21963,25494,24487
666,2254,2170,2119,2259,2222,2302,2128,2139,2176,2194,21963,25494,24487
667,2254,2170,2119,2259,2222,2302,2128,2139,2176,2194,21963,25494,24487
668,2254,2170,2119,2259,2222,2302,2128,2139,2176,2194,21963,25494,24487
669,2254,2170,2119,2259,2222,2302,2128,2139,2176,2194,21963,25494,24487
670,2254,2170,2119,2259,2222,2302,2128,2139,2176,2194,21963,25494,24487
671,2254,2170,2119,2259,2222,2302,2128,2139,2176,2194,21963,25494,24487
672,2254,2170,2119,2259,2222,2302,2128,2139,2176,2194,21963,25494,24487
673,2254,2170,2119,2259,2222,2302,2128,2139,2176,2194,21963,25494,24487
674,2254,2170,2119,2259,2222,2302,2128,2139,2176,2194,21963,25494,24487
675,2254,2170,2119,2259,2222,2302,2128,2139,2176,2194,21963,25494,24487
676,2254,2170,2119,2259,2222,2302,2128,2139,2176,2194,21963,25494,24487
677,2254,2170,2119,2259,2222,2302,2128,2139,2176,2194,21963,25494,24487
678,2254,2170,2119,2259,2222,2302,2128,2139,2176,2194,21963,25494,24487
679,2254,2170,2119,2259,2222,2302,2128,2139,2176,2194,21963,25494,24487
680,2254,2170,2119,2259,2222,2302,2128,2139,2176,2194,21963,25494,24487
681,2254,2170,2119,2259,2222,2302,2128,2139,2176,2194,21963,25494,24487
682,2254,2170,2119,2259,2222,2302,2128,2139,2176,2194,21963,25494,24487
683,2254,2170,2119,2259,2222,2302,2128,2139,2176,2194,21963,25494,24487
684,2254,2170,2119,2259,2222,2302,2128,2139,2176,2194,21963,25494,24487
685,2254,2170,2119,2259,2222,2302,2128,2139,2176,2194,21963,25494,24487
686,2254,2170,2119,2259,2222,2302,2128,2139,2176,2194,21963,25494,24487
687,2254,2170,2119,2259,2222,2302,2128,2139,2176,2194,21963,25494,24487
688,2254,2170,2119,2259,2222,2302,2128,2139,2176,2194,21963,25494,24487
689,2254,2170,2119,2259,2222,2302,2128,2139,2176,2194,21963,25494,24487
690,2254,2170,2119,2259,2222,2302,2128,2139,2176,2194,21963,25494,24487
691,2254,2170,2119,2259,2222,2302,2128,2139,2176,2194,21963,25494,24487
692,2254,2170,2119,2259,2222,2302,2128,2139,2176,2194,21963,25494,24487
693,2254,2170,2119,2259,2222,2302,2128,2139,2176,2194,21963,25494,24487
694,2254,2170,2119,2259,2222,2302,2128,2139,2176,2194,21963,25494,24487
695,2254,2170,2119,2259,2222,2302,2128,2139,2176,2194,21963,25494,24487
696,2254,2170,2119,2259,2222,2302,2128,2139,2176,2194,21963,25494,24487
697,2254,2170,2119,2259,2222,2302,2128,2139,2176,2194,21963,25494,24487
698,2254,2170,2119,2259,2222,2302,2128,2139,2176,2194,21963,25494,24487
699,2254,2170,2119,2259,2222,2296,2128,2139,2176,2194,21957,25494,24487
700,2254,2170,2119,2259,2222,2296,2128,2139,2176,2194,21957,25494,24487
701,2254,2170,2119,2259,2222,2296,2128,2139,2176,2194,21957,25494,24487
702,2254,2170,2119,2259,2222,2296,2128,2139,2176,2194,21957,25494,24487
703,2254,2170,2119,2259,2222,2296,2128,2139,2176,2194,21957,25494,24487
704,2254,2170,2119,2259,2222,2296,2128,2139,2176,2194,21957,25494,24487
705,2254,2170,2119,2259,2222,2296,2128,2139,2176,2194,21957,25494,24487
706,2254,2170,2119,2259,2222,2296,2128,2139,2176,2194,21957,25494,24487
707,2254,2170,2119,2259,2222,2296,2128,2139,2176,2194,21957,25494,24487
708,2254,2170,2119,2259,2222,2296,2128,2139,2176,2194,21957,25494,24487
709,2254,2170,2119,2259,2222,2296,2128,2139,2176,2194,21957,25494,24487
710,2254,2170,2119,2259,2222,2296,2128,2139,2176,2194,21957,25494,24487
711,2254,2170,2119,2259,2222,2296,2128,2139,2176,2194,21957,25494,24487
712,2254,2170,2119,2259,2222,2296,2128,2139,2176,2194,21957,25494,24487
713,2254,2170,2119,2259,2222,2296,2128,2139,2176,2194,21957,25494,24487
714,2254,2170,2119,2259,2222,2296,2128,2139,2176,2194,21957,25494,24487
715,2254,2170,2119,2259,2222,2296,2128,2139,2176,2194,21957,25494,24487
716,2254,2170,2119,2259,2222,2296,2128,2139,2176,2194,21957,25494,24487
717,2254,2170,2119,2259,2222,2296,2128,2139,2176,2194,21957,25494,24487
718,2254,2170,2119,2259,2222,2296,2128,2139,2176,2194,21957,25494,24487
719,2254,2170,2119,2259,2222,2296,2128,2139,2176,2194,21957,25494,24487
720,2254,2170,2119,2259,2222,2296,2128,2139,2176,2194,21957,25494,24487
721,2254,2170,2119,2259,2222,2296,2128,2139,2176,2194,21957,25494,24487
722,2254,2170,2119,2256,2222,2296,2128,2139,2176,2194,21954,25494,24487
723,2254,2170,2119,2256,2222,2296,2128,2139,2176,2194,21954,25494,24487
724,2254,2170,2119,2249,2222,2296,2128,2139,2176,2194,21947,25494,24487
725,2254,2170,2119,2249,2222,2296,2128,2139,2176,2194,21947,25494,24487
726,2254,2170,2119,2249,2222,2296,2128,2139,2176,2194,21947,25494,24487
727,2254,2170,2119,2249,2222,2296,2128,2139,2176,2194,21947,25494,24487
728,2254,2170,2119,2249,2222,2296,2128,2139,2176,2194,21947,25494,24487
729,2254,2170,2119,2249,2222,2296,2128,2139,2176,2194,21947,25494,24487
730,2254,2170,2119,2249,2222,2296,2128,2139,2176,2194,21947,25494,24487
731,2254,2170,2119,2246,2222,2296,2128,2139,2176,2194,21944,25494,24487
732,2254,2170,2119,2246,2222,2296,2128,2139,2176,2194,21944,25494,24487
733,2254,2170,2119,2246,2222,2296,2128,2139,2176,2194,21944,25494,24487
734,2254,2170,2119,2246,2222,2296,2128,2139,2176,2194,21944,25494,24487
735,2254,2170,2119,2246,2222,2296,2128,2139,2176,2194,21944,25494,24487
736,2254,2170,2119,2246,2222,2296,2128,2139,2176,2194,21944,25494,24487
737,2254,2170,2119,2246,2222,2296,2128,2139,2176,2194,21944,25494,24487
738,2254,2170,2119,2246,2222,2296,2128,2139,2176,2194,21944,25494,24487
739,2254,2170,2119,2246,2222,2296,2128,2139,2176,2194,21944,25494,24487
740,2254,2170,2119,2246,2222,2296,2128,2139,2176,2194,21944,25494,24487
741,2254,2170,2119,2246,2222,2296,2128,2139,2176,2194,21944,25494,24487
742,2254,2170,2119,2246,2222,2296,2128,2139,2176,2194,21944,25494,24487
743,2254,2170,2119,2246,2222,2296,2128,2139,2176,2194,21944,25494,24487
744,2254,2170,2119,2246,2222,2296,2128,2139,2176,2194,21944,25494,24487
745,2254,2170,2119,2246,2222,2296,2128,2139,2176,2194,21944,25494,24487
746,2254,2170,2119,2246,2222,2296,2128,2139,2176,2194,21944,25494,24487
747,2254,2170,2119,2246,2222,2296,2128,2139,2176,2194,21944,25494,24487
748,2254,2170,2119,2246,2222,2296,2128,2139,2176,2194,21944,25494,24487
749,2254,2170,2119,2246,2222,2296,2128,2139,2176,2194,21944,25494,24487
750,2254,2170,2119,2246,2222,2296,2128,2139,2176,2194,21944,25494,24487
751,2254,2170,2119,2246,2222,2296,2128,2139,2176,2194,21944,25494,24487
752,2254,2170,2119,2246,2222,2296,2128,2139,2176,2194,21944,25494,24487
753,2254,2170,2119,2246,2222,2296,2128,2139,2176,2194,21944,25494,24487
754,2254,2170,2119,2246,2222,2296,2128,2139,2176,2194,21944,25494,24487
755,2254,2170,2119,2246,2222,2296,2128,2139,2176,2194,21944,25494,24487
756,2254,2170,2119,2246,2222,2296,2128,2139,2176,2194,21944,25494,24487
757,2254,2170,2119,2246,2222,2296,2128,2139,2176,2194,21944,25494,24487
758,2254,2170,2119,2246,2222,2296,2128,2139,2176,2194,21944,25494,24487
759,2254,2170,2119,2246,2222,2296,2128,2139,2176,2194,21944,25494,24487
760,2254,2170,2119,2246,2222,2296,2128,2139,2176,2194,21944,25494,24487
761,2254,2170,2119,2246,2222,2296,2128,2139,2176,2194,21944,25494,24487
762,2254,2170,2119,2246,2222,2296,2128,2139,2176,2194,21944,25494,24487
763,2254,2170,2119,2246,2222,2296,2128,2139,2176,2194,21944,25494,24487
764,2254,2170,2119,2246,2222,2296,2128,2139,2176,2194,21944,25494,24487
765,2254,2170,2119,2246,2222,2296,2128,2139,2176,2194,21944,25494,24487
766,2254,2170,2119,2246,2222,2296,2128,2139,2176,2194,21944,25494,24487
767,2254,2170,2119,2246,2222,2296,2128,2139,2176,2194,21944,25494,24487
768,2254,2170,2119,2246,2222,2296,2128,2139,2176,2194,21944,25494,24487
769,2254,2170,2119,2246,2222,2294,2128,2139,2176,2194,21942,25494,24487
770,2254,2170,2119,2246,2222,2294,2128,2139,2176,2194,21942,25494,24487
771,2254,2170,2119,2246,2222,2294,2128,2139,2176,2194,21942,25494,24487
772,2254,2170,2119,2246,2222,2294,2128,2139,2176,2194,21942,25494,24487
773,2254,2170,2119,2246,2222,2294,2128,2139,2176,2194,21942,25494,24487
774,2254,2170,2119,2246,2222,2294,2128,2139,2176,2194,21942,25494,24487
775,2254,2170,2119,2246,2222,2294,2128,2139,2176,2194,21942,25494,24487
776,2254,2170,2119,2246,2222,2294,2128,2139,2176,2194,21942,25494,24487
777,2254,2170,2119,2246,2222,2294,2128,2139,2176,2194,21942,25494,24487
778,2254,2170,2119,2246,2222,2294,2128,2139,2176,2194,21942,25494,24487
779,2254,2170,2119,2246,2222,2294,2128,2139,2176,2194,21942,25494,24487
780,2254,2170,2119,2246,2222,2294,2128,2139,2176,2194,21942,25494,24487
781,2254,2170,2119,2246,2222,2294,2128,2139,2176,2194,21942,25494,24487
782,2254,2170,2119,2246,2222,2294,2128,2139,2176,2194,21942,25494,24487
783,2254,2170,2119,2246,2222,2294,2128,2139,2176,2194,21942,25494,24487
784,2254,2170,2119,2246,2222,2294,2128,2139,2176,2194,21942,25494,24487
785,2254,2170,2119,2246,2222,2294,2128,2139,2176,2194,21942,25494,24487
786,2254,2170,2119,2246,2222,2294,2128,2139,2176,2194,21942,25494,24487
787,2254,2170,2119,2246,2222,2294,2128,2139,2176,2194,21942,25494,24487
788,2254,2170,2119,2246,2222,2294,2128,2139,2176,2194,21942,25494,24487
789,2254,2170,2119,2246,2222,2294,2128,2139,2176,2194,21942,25494,24487
790,2254,2170,2119,2246,2222,2294,2128,2139,2176,2194,21942,25494,24487
791,2254,2170,2119,2246,2222,2294,2128,2139,2176,2194,21942,25494,24487
792,2254,2170,2119,2246,2222,2294,2128,2139,2176,2194,21942,25494,24487
793,2254,2170,2119,2246,2222,2294,2128,2139,2176,2194,21942,25494,24487
794,2254,2170,2119,2246,2222,2294,2128,2139,2176,2194,21942,25494,24487
795,2254,2170,2119,2246,2222,2294,2128,2139,2176,2194,21942,25494,24487
796,2254,2170,2119,2246,2222,2294,2128,2139,2176,2194,21942,25494,24487
797,2254,2170,2119,2246,2222,2294,2128,2139,2176,2194,21942,25494,24487
798,2254,2170,2119,2246,2222,2294,2128,2139,2176,2194,21942,25494,24487
799,2254,2170,2119,2246,2222,2294,2128,2139,2176,2194,21942,25494,24487
800,2254,2170,2119,2246,2222,2294,2128,2139,2176,2194,21942,25494,24487
801,2254,2170,2119,2246,2222,2294,2128,2139,2176,2194,21942,25494,24487
802,2254,2170,2119,2246,2222,2294,2128,2139,2176,2194,21942,25494,24487
803,2254,2170,2119,2246,2222,2294,2128,2139,2176,2194,21942,25494,24487
804,2254,2170,2119,2246,2222,2294,2128,2139,2176,2194,21942,25494,24487
805,2254,2170,2119,2246,2222,2294,2128,2139,2176,2194,21942,25494,24487
806,2254,2170,2119,2246,2222,2294,2128,2139,2176,2194,21942,25494,24487
807,2254,2170,2119,2246,2222,2294,2128,2139,2176,2194,21942,25494,24487
808,2254,2170,2119,2246,2222,2294,2128,2139,2176,2194,21942,25494,24487
809,2254,2170,2119,2246,2222,2294,2128,2139,2176,2194,21942,25494,24487
810,2254,2170,2119,2246,2222,2294,2128,2139,2176,2194,21942,25494,24487
811,2254,2170,2119,2246,2222,2294,2128,2139,2176,2194,21942,25494,24487
812,2254,2170,2119,2246,2222,2294,2128,2139,2176,2194,21942,25494,24487
813,2254,2170,2119,2246,2222,2294,2128,2139,2176,2194,21942,25494,24487
814,2254,2170,2119,2246,2222,2294,2128,2139,2176,2194,21942,25494,24487
815,2254,2170,2119,2246,2222,2294,2128,2139,2176,2194,21942,25494,24487
816,2254,2170,2119,2246,2222,2294,2128,2139,2176,2194,21942,25494,24487
817,2254,2170,2119,2246,2222,2294,2128,2139,2176,2194,21942,25494,24487
818,2254,2170,2119,2246,2222,2294,2128,2139,2176,2194,21942,25494,24487
819,2254,2170,2119,2246,2222,2294,2128,2139,2176,2194,21942,25494,24487
820,2254,2170,2119,2246,2222,2294,2128,2139,2176,2194,21942,25494,24487
821,2254,2170,2119,2246,2222,2294,2128,2139,2176,2194,21942,25494,24487
822,2254,2170,2119,2246,2222,2294,2128,2139,2176,2194,21942,25494,24487
823,2254,2170,2119,2246,2222,2294,2128,2139,2176,2194,21942,25494,24487
824,2254,2170,2119,2246,2222,2294,2128,2139,2176,2194,21942,25494,24487
825,2254,2170,2119,2246,2219,2294,2128,2139,2176,2194,21939,25494,24487
826,2254,2170,2119,2246,2219,2294,2128,2139,2176,2194,21939,25494,24487
827,2254,2170,2119,2246,2219,2294,2128,2139,2176,2194,21939,25494,24487
828,2254,2170,2119,2246,2219,2294,2128,2139,2176,2194,21939,25494,24487
829,2254,2170,2119,2246,2219,2294,2128,2139,2176,2194,21939,25494,24487
830,2254,2170,2119,2246,2219,2294,2128,2139,2176,2194,21939,25494,24487
831,2254,2170,2119,2246,2219,2294,2128,2139,2176,2194,21939,25494,24487
832,2254,2170,2119,2246,2219,2294,2128,2139,2176,2194,21939,25494,24487
833,2254,2170,2119,2246,2219,2294,2128,2139,2176,2194,21939,25494,24487
834,2254,2170,2119,2246,2219,2294,2128,2139,2176,2194,21939,25494,24487
835,2254,2170,2119,2246,2219,2294,2128,2139,2176,2194,21939,25494,24487
836,2254,2170,2119,2246,2219,2294,2128,2139,2176,2194,21939,25494,24487
837,2254,2170,2119,2246,2219,2294,2128,2139,2176,2194,21939,25494,24487
838,2254,2170,2119,2246,2219,2294,2128,2139,2176,2194,21939,25494,24487
839,2254,2170,2119,2246,2219,2294,2128,2139,2176,2194,21939,25494,24487
840,2254,2170,2119,2246,2219,2294,2128,2139,2176,2194,21939,25494,24487
841,2254,2170,2119,2246,2219,2294,2128,2139,2176,2194,21939,25494,24487
842,2254,2170,2119,2246,2219,2294,2128,2139,2176,2194,21939,25494,24487
843,2254,2170,2119,2246,2219,2294,2128,2139,2176,2194,21939,25494,24487
844,2254,2170,2119,2246,2219,2294,2128,2139,2176,2194,21939,25494,24487
845,2254,2170,2119,2246,2219,2294,2128,2139,2176,2194,21939,25494,24487
846,2254,2170,2119,2246,2219,2294,2128,2139,2176,2194,21939,25494,24487
847,2254,2170,2119,2246,2219,2294,2128,2139,2176,2194,21939,25494,24487
848,2254,2170,2119,2246,2219,2294,2128,2139,2176,2194,21939,25494,24487
849,2254,2170,2119,2246,2219,2294,2128,2139,2176,2194,21939,25494,24487
850,2254,2170,2119,2246,2219,2294,2128,2139,2176,2194,21939,25494,24487
851,2254,2170,2119,2246,2219,2294,2128,2139,2176,2194,21939,25494,24487
852,2254,2170,2119,2246,2219,2294,2128,2139,2176,2194,21939,25494,24487
853,2254,2170,2119,2246,2219,2294,2128,2139,2176,2194,21939,25494,24487
854,2254,2170,2119,2246,2219,2294,2128,2139,2176,2194,21939,25494,24487
855,2254,2170,2119,2246,2219,2294,2128,2139,2176,2194,21939,25494,24487
856,2254,2170,2119,2246,2219,2294,2128,2139,2176,2194,21939,25494,24487
857,2254,2170,2119,2246,2219,2294,2128,2139,2176,2194,21939,25494,24487
858,2254,2170,2119,2246,2219,2294,2128,2139,2176,2194,21939,25494,24487
859,2254,2170,2119,2246,2219,2294,2128,2139,2176,2194,21939,25494,24487
860,2254,2170,2119,2246,2219,2294,2128,2139,2176,2194,21939,25494,24487
861,2254,2170,2119,2246,2219,2294,2128,2139,2176,2194,21939,25494,24487
862,2254,2170,2119,2246,2219,2294,2128,2139,2176,2194,21939,25494,24487
863,2254,2170,2119,2246,2219,2294,2128,2139,2176,2194,21939,25494,24487
864,2254,2170,2119,2246,2219,2294,2128,2139,2176,2194,21939,25494,24487
865,2254,2170,2119,2246,2219,2294,2128,2139,2176,2194,21939,25494,24487
866,2254,2170,2119,2246,2219,2294,2128,2139,2176,2194,21939,25494,24487
867,2254,2170,2119,2246,2219,2294,2128,2139,2176,2194,21939,25494,24487
868,2254,2170,2119,2246,2219,2294,2128,2139,2176,2194,21939,25494,24487
869,2254,2170,2119,2246,2219,2294,2128,2139,2176,2194,21939,25494,24487
870,2254,2170,2119,2246,2219,2294,2128,2139,2176,2194,21939,25494,24487
871,2254,2170,2119,2246,2219,2294,2128,2139,2176,2194,21939,25494,24487
872,2254,2170,2119,2246,2219,2294,2128,2139,2176,2194,21939,25494,24487
873,2254,2170,2119,2246,2219,2294,2128,2139,2176,2194,21939,25494,24487
874,2254,2170,2119,2246,2219,2294,2128,2139,2176,2194,21939,25494,24487
875,2254,2170,2119,2246,2219,2294,2128,2139,2176,2194,21939,25494,24487
876,2254,2170,2119,2246,2219,2294,2128,2139,2176,2194,21939,25494,24487
877,2254,2170,2119,2246,2219,2294,2128,2139,2176,2194,21939,25494,24487
878,2254,2170,2119,2246,2219,2294,2128,2139,2176,2194,21939,25494,24487
879,2254,2170,2119,2246,2219,2294,2128,2139,2176,2194,21939,25494,24487
880,2254,2170,2119,2246,2219,2294,2128,2139,2176,2194,21939,25494,24487
881,2254,2170,2119,2246,2219,2294,2128,2139,2176,2194,21939,25494,24487
882,2254,2170,2119,2246,2219,2294,2128,2139,2176,2194,21939,25494,24487
883,2254,2170,2119,2246,2219,2294,2128,2139,2176,2194,21939,25494,24487
884,2254,2170,2119,2246,2219,2294,2128,2139,2176,2194,21939,25494,24487
885,2254,2170,2119,2246,2219,2294,2128,2139,2176,2194,21939,25494,24487
886,2254,2170,2119,2246,2219,2294,2128,2139,2176,2194,21939,25494,24487
887,2254,2170,2119,2246,2219,2289,2128,2139,2176,2194,21934,25494,24487
888,2254,2170,2119,2246,2219,2289,2128,2139,2176,2194,21934,25494,24487
889,2254,2170,2119,2246,2219,2289,2128,2139,2176,2194,21934,25494,24487
890,2254,2170,2119,2246,2219,2289,2128,2139,2176,2194,21934,25494,24487
891,2254,2170,2119,2246,2219,2289,2128,2139,2176,2194,21934,25494,24487
892,2254,2170,2119,2246,2219,2289,2128,2139,2176,2194,21934,25494,24487
893,2254,2170,2119,2246,2219,2289,2128,2139,2176,2194,21934,25494,24487
894,2254,2170,2119,2246,2219,2289,2128,2139,2176,2194,21934,25494,24487
895,2254,2170,2119,2246,2219,2289,2128,2139,2176,2194,21934,25494,24487
896,2254,2170,2119,2246,2219,2289,2128,2139,2176,2194,21934,25494,24487
897,2254,2170,2119,2246,2219,2289,2128,2139,2176,2194,21934,25494,24487
898,2254,2170,2119,2246,2219,2289,2128,2139,2176,2194,21934,25494,24487
899,2254,2170,2119,2246,2219,2289,2128,2139,2176,2194,21934,25494,24487
900,2254,2170,2119,2246,2219,2289,2128,2139,2176,2194,21934,25494,24487
901,2250,2170,2119,2246,2219,2289,2128,2139,2176,2194,21930,25494,24487
902,2250,2170,2119,2246,2219,2289,2128,2139,2176,2194,21930,25494,24487
903,2250,2170,2119,2246,2219,2289,2128,2139,2176,2194,21930,25494,24487
904,2250,2170,2119,2246,2219,2289,2128,2139,2176,2194,21930,25494,24487
905,2250,2170,2119,2246,2219,2289,2128,2139,2176,2194,21930,25494,24487
906,2250,2170,2119,2246,2219,2289,2128,2139,2176,2194,21930,25494,24487
907,2250,2170,2119,2246,2219,2289,2128,2139,2176,2194,21930,25494,24487
908,2250,2170,2119,2246,2219,2289,2128,2139,2176,2194,21930,25494,24487
909,2250,2170,2119,2246,2219,2289,2128,2139,2176,2194,21930,25494,24487
910,2250,2170,2119,2246,2219,2289,2128,2139,2176,2194,21930,25494,24487
911,2250,2170,2119,2246,2219,2289,2128,2139,2176,2194,21930,25494,24487
912,2250,2170,2119,2246,2219,2289,2128,2139,2176,2194,21930,25494,24487
913,2250,2170,2119,2246,2219,2289,2128,2139,2176,2194,21930,25494,24487
914,2250,2170,2119,2246,2219,2289,2128,2139,2176,2194,21930,25494,24487
915,2250,2170,2119,2246,2219,2289,2128,2139,2176,2194,21930,25494,24487
916,2250,2170,2119,2246,2219,2289,2128,2139,2176,2194,21930,25494,24487
917,2250,2170,2119,2246,2219,2289,2128,2139,2176,2194,21930,25494,24487
918,2250,2170,2119,2246,2219,2289,2128,2139,2176,2194,21930,25494,24487
919,2250,2170,2119,2246,2219,2289,2128,2139,2176,2194,21930,25494,24487
920,2250,2170,2119,2246,2219,2289,2128,2139,2176,2194,21930,25494,24487
921,2250,2170,2119,2246,2219,2289,2128,2139,2176,2194,21930,25494,24487
922,2250,2170,2119,2246,2219,2289,2128,2139,2176,2194,21930,25494,24487
923,2250,2170,2119,2246,2219,2289,2128,2139,2176,2194,21930,25494,24487
924,2250,2170,2119,2246,2219,2289,2128,2139,2176,2194,21930,25494,24487
925,2250,2170,2119,2246,2219,2289,2128,2139,2176,2194,21930,25494,24487
926,2250,2170,2119,2246,2219,2289,2128,2139,2176,2194,21930,25494,24487
927,2250,2170,2119,2246,2219,2289,2128,2139,2176,2194,21930,25494,24487
928,2250,2170,2119,2246,2219,2289,2128,2139,2176,2194,21930,25494,24487
929,2250,2170,2119,2246,2219,2289,2128,2139,2176,2194,21930,25494,24487
930,2250,2170,2119,2246,2219,2289,2128,2139,2176,2194,21930,25494,24487
931,2250,2170,2119,2246,2219,2289,2128,2139,2176,2194,21930,25494,24487
932,2250,2170,2119,2246,2219,2289,2128,2139,2176,2194,21930,25494,24487
933,2250,2170,2119,2246,2219,2289,2128,2139,2176,2194,21930,25494,24487
934,2250,2170,2119,2246,2219,2289,2128,2139,2176,2194,21930,25494,24487
935,2250,2170,2119,2246,2219,2289,2128,2139,2176,2194,21930,25494,24487
936,2250,2170,2119,2246,2219,2289,2128,2139,2176,2194,21930,25494,24487
937,2250,2170,2119,2246,2219,2289,2128,2139,2176,2194,21930,25494,24487
938,2250,2170,2119,2246,2219,2289,2128,2139,2176,2194,21930,25494,24487
939,2250,2170,2119,2246,2219,2289,2128,2139,2176,2194,21930,25494,24487
940,2250,2170,2119,2246,2219,2289,2128,2139,2176,2194,21930,25494,24487
941,2250,2170,2119,2246,2219,2289,2128,2139,2176,2194,21930,25494,24487
942,2250,2170,2119,2246,2219,2289,2128,2139,2176,2194,21930,25494,24487
943,2250,2170,2119,2246,2219,2289,2128,2139,2176,2194,21930,25494,24487
944,2250,2170,2119,2246,2219,2289,2128,2139,2176,2194,21930,25494,24487
945,2250,2170,2119,2246,2219,2289,2128,2139,2176,2194,21930,25494,24487
946,2250,2170,2119,2246,2219,2289,2128,2139,2176,2194,21930,25494,24487
947,2250,2170,2119,2246,2219,2289,2128,2139,2176,2194,21930,25494,24487
948,2250,2170,2119,2246,2219,2289,2128,2139,2176,2194,21930,25494,24487
949,2250,2170,2119,2246,2219,2289,2128,2139,2176,2194,21930,25494,24487
950,2250,2170,2119,2246,2219,2289,2128,2139,2176,2194,21930,25494,24487
951,2250,2170,2119,2246,2219,2289,2128,2139,2176,2194,21930,25494,24487
952,2250,2170,2119,2246,2219,2289,2128,2139,2176,2194,21930,25494,24487
953,2250,2170,2119,2246,2219,2289,2128,2139,2176,2194,21930,25494,24487
954,2250,2170,2119,2246,2219,2289,2128,2139,2176,2194,21930,25494,24487
955,2250,2170,2119,2246,2219,2289,2128,2139,2176,2194,21930,25494,24487
956,2250,2170,2119,2246,2219,2289,2128,2139,2176,2194,21930,25494,24487
957,2250,2170,2119,2246,2219,2289,2128,2139,2176,2194,21930,25494,24487
958,2250,2170,2119,2246,2219,2289,2128,2139,2176,2194,21930,25494,24487
959,2250,2170,2119,2246,2219,2289,2128,2139,2176,2194,21930,25494,24487
960,2239,2170,2119,2246,2219,2289,2128,2139,2176,2194,21919,25494,24487
961,2239,2170,2119,2246,2219,2289,2128,2139,2176,2194,21919,25494,24487
962,2239,2170,2119,2246,2219,2289,2128,2139,2176,2194,21919,25494,24487
963,2239,2170,2119,2246,2219,2289,2128,2139,2176,2194,21919,25494,24487
964,2239,2170,2119,2246,2219,2289,2128,2139,2176,2194,21919,25494,24487
965,2239,2170,2119,2246,2219,2289,2128,2139,2176,2194,21919,25494,24487
966,2239,2170,2119,2246,2219,2289,2128,2139,2176,2194,21919,25494,24487
967,2239,2170,2119,2246,2219,2289,2128,2139,2176,2194,21919,25494,24487
968,2239,2170,2119,2246,2219,2289,2128,2139,2176,2194,21919,25494,24487
969,2239,2170,2119,2246,2219,2289,2128,2139,2176,2194,21919,25494,24487
970,2239,2170,2119,2246,2219,2289,2128,2139,2176,2194,21919,25494,24487
971,2239,2170,2119,2246,2219,2289,2128,2139,2176,2194,21919,25494,24487
972,2239,2170,2119,2246,2219,2289,2128,2139,2176,2194,21919,25494,24487
973,2239,2170,2119,2246,2219,2289,2128,2139,2176,2194,21919,25494,24487
974,2239,2170,2119,2246,2219,2289,2128,2139,2176,2194,21919,25494,24487
975,2239,2170,2119,2246,2219,2289,2128,2139,2176,2194,21919,25494,24487
976,2239,2170,2119,2246,2219,2289,2128,2139,2176,2194,21919,25494,24487
977,2239,2170,2119,2246,2219,2289,2128,2139,2176,2194,21919,25494,24487
978,2239,2170,2119,2246,2219,2289,2128,2139,2176,2194,21919,25494,24487
979,2239,2170,2119,2246,2219,2289,2128,2139,2176,2194,21919,25494,24487
980,2239,2170,2119,2246,2219,2289,2128,2139,2176,2194,21919,25494,24487
981,2239,2170,2119,2246,2219,2289,2128,2139,2176,2194,21919,25494,24487
982,2239,2170,2119,2246,2219,2289,2128,2139,2176,2194,21919,25494,24487
983,2239,2170,2119,2246,2219,2289,2128,2139,2176,2194,21919,25494,24487
984,2239,2170,2119,2246,2219,2289,2128,2139,2176,2194,21919,25494,24487
985,2239,2170,2119,2246,2219,2289,2128,2139,2176,2194,21919,25494,24487
986,2239,2170,2119,2246,2219,2289,2128,2139,2176,2194,21919,25494,24487
987,2239,2170,2119,2246,2219,2289,2128,2139,2176,2194,21919,25494,24487
988,2239,2170,2119,2246,2219,2289,2128,2139,2176,2194,21919,25494,24487
989,2239,2170,2119,2246,2219,2289,2128,2139,2176,2194,21919,25494,24487
990,2239,2170,2119,2246,2219,2289,2128,2139,2176,2194,21919,25494,24487
991,2239,2170,2119,2246,2219,2289,2128,2139,2176,2194,21919,25494,24487
992,2239,2170,2119,2246,2219,2289,2128,2139,2176,2194,21919,25494,24487
993,2239,2170,2119,2246,2219,2289,2128,2139,2176,2194,21919,25494,24487
994,2239,2170,2119,2246,2219,2289,2128,2139,2176,2194,21919,25494,24487
995,2239,2170,2119,2246,2219,2289,2128,2139,2176,2194,21919,25494,24487
996,2239,2170,2119,2246,2219,2289,2128,2139,2176,2194,21919,25494,24487
997,2239,2170,2119,2246,2219,2289,2128,2139,2176,2194,21919,25494,24487
998,2239,2170,2119,2246,2219,2289,2128,2139,2176,2194,21919,25494,24487
999,2239,2170,2119,2246,2219,2289,2128,2139,2176,2194,21919,25494,24487
1000,2239,2170,2119,2246,2219,2289,2128,2139,2176,2194,21919,25494,24487
