Episode,ta41,ta42,ta43,ta44,ta45,,sum
1,2730,2717,2706,,,,8153
2,2730,2706,2683,,,,8119
3,2730,2706,2600,,,,8036
4,2730,2706,2600,,,,8036
5,2697,2698,2600,,,,7995
6,2697,2628,2600,,,,7925
7,2531,2603,2524,,,,7658
8,2531,2603,2508,,,,7642
9,2531,2596,2490,,,,7617
10,2531,2596,2490,,,,7617
11,2531,2529,2438,,,,7498
12,2531,2529,2438,,,,7498
13,2531,2521,2357,,,,7409
14,2490,2521,2357,,,,7368
15,2490,2521,2357,,,,7368
16,2488,2508,2347,,,,7343
17,2488,2430,2347,,,,7265
18,2488,2430,2325,,,,7243
19,2488,2430,2324,,,,7242
20,2469,2430,2265,,,,7164
21,2428,2396,2265,,,,7089
22,2428,2396,2265,,,,7089
23,2410,2396,2265,,,,7071
24,2410,2396,2265,,,,7071
25,2386,2385,2265,,,,7036
26,2386,2385,2265,,,,7036
27,2386,2299,2265,,,,6950
28,2386,2299,2265,,,,6950
29,2386,2299,2244,,,,6929
30,2386,2299,2244,,,,6929
31,2371,2299,2237,,,,6907
32,2371,2299,2237,,,,6907
33,2348,2299,2237,,,,6884
34,2348,2299,2237,,,,6884
35,2348,2299,2237,,,,6884
36,2348,2299,2237,,,,6884
37,2348,2299,2227,,,,6874
38,2348,2299,2227,,,,6874
39,2348,2299,2227,,,,6874
40,2348,2289,2227,,,,6864
41,2348,2289,2227,,,,6864
42,2348,2289,2227,,,,6864
43,2348,2289,2227,,,,6864
44,2308,2289,2227,,,,6824
45,2308,2289,2227,,,,6824
46,2308,2289,2227,,,,6824
47,2308,2289,2227,,,,6824
48,2308,2289,2186,,,,6783
49,2308,2289,2186,,,,6783
50,2293,2289,2186,,,,6768
51,2293,2289,2186,,,,6768
52,2293,2280,2186,,,,6759
53,2293,2280,2186,,,,6759
54,2293,2280,2186,,,,6759
55,2293,2280,2186,,,,6759
56,2293,2280,2186,,,,6759
57,2293,2280,2186,,,,6759
58,2293,2280,2186,,,,6759
59,2293,2266,2186,,,,6745
60,2293,2266,2186,,,,6745
61,2279,2256,2186,,,,6721
62,2279,2256,2186,,,,6721
63,2279,2256,2186,,,,6721
64,2279,2245,2186,,,,6710
65,2279,2244,2186,,,,6709
66,2279,2243,2179,,,,6701
67,2279,2242,2173,,,,6694
68,2277,2237,2163,,,,6677
69,2277,2237,2163,,,,6677
70,2267,2237,2163,,,,6667
71,2267,2237,2155,,,,6659
72,2267,2225,2155,,,,6647
73,2265,2225,2155,,,,6645
74,2265,2225,2145,,,,6635
75,2265,2225,2145,,,,6635
76,2265,2225,2145,,,,6635
77,2265,2222,2145,,,,6632
78,2265,2207,2145,,,,6617
79,2265,2191,2145,,,,6601
80,2265,2191,2145,,,,6601
81,2265,2191,2145,,,,6601
82,2265,2191,2133,,,,6589
83,2265,2191,2126,,,,6582
84,2265,2191,2126,,,,6582
85,2265,2191,2126,,,,6582
86,2265,2191,2126,,,,6582
87,2265,2191,2126,,,,6582
88,2265,2189,2126,,,,6580
89,2265,2189,2126,,,,6580
90,2265,2189,2126,,,,6580
91,2265,2189,2126,,,,6580
92,2265,2189,2126,,,,6580
93,2265,2189,2125,,,,6579
94,2265,2189,2125,,,,6579
95,2265,2189,2125,,,,6579
96,2265,2189,2125,,,,6579
97,2265,2189,2125,,,,6579
98,2265,2189,2125,,,,6579
99,2265,2189,2125,,,,6579
100,2265,2189,2125,,,,6579
101,2265,2189,2125,,,,6579
102,2265,2189,2125,,,,6579
103,2265,2189,2125,,,,6579
104,2265,2189,2125,,,,6579
105,2265,2189,2125,,,,6579
106,2265,2189,2125,,,,6579
107,2265,2189,2125,,,,6579
108,2265,2189,2125,,,,6579
109,2265,2189,2125,,,,6579
110,2265,2189,2125,,,,6579
111,2265,2189,2125,,,,6579
112,2265,2189,2125,,,,6579
113,2265,2189,2125,,,,6579
114,2265,2189,2125,,,,6579
115,2265,2189,2119,,,,6573
116,2265,2189,2119,,,,6573
117,2265,2189,2119,,,,6573
118,2265,2189,2119,,,,6573
119,2265,2189,2119,,,,6573
120,2265,2189,2119,,,,6573
121,2265,2189,2119,,,,6573
122,2265,2189,2119,,,,6573
123,2265,2189,2119,,,,6573
124,2265,2189,2119,,,,6573
125,2265,2189,2119,,,,6573
126,2265,2189,2119,,,,6573
127,2265,2189,2119,,,,6573
128,2254,2189,2119,,,,6562
129,2254,2189,2119,,,,6562
130,2254,2189,2119,,,,6562
131,2254,2189,2119,,,,6562
132,2254,2189,2119,,,,6562
133,2254,2189,2119,,,,6562
134,2254,2189,2119,,,,6562
135,2254,2189,2119,,,,6562
136,2254,2189,2119,,,,6562
137,2254,2189,2119,,,,6562
138,2254,2189,2119,,,,6562
139,2254,2189,2119,,,,6562
140,2254,2189,2119,,,,6562
141,2254,2189,2119,,,,6562
142,2254,2189,2119,,,,6562
143,2254,2189,2119,,,,6562
144,2254,2189,2119,,,,6562
145,2254,2189,2119,,,,6562
146,2254,2189,2119,,,,6562
147,2254,2189,2119,,,,6562
148,2254,2189,2119,,,,6562
149,2254,2189,2119,,,,6562
150,2254,2189,2119,,,,6562
151,2254,2189,2119,,,,6562
152,2254,2189,2119,,,,6562
153,2254,2189,2119,,,,6562
154,2254,2189,2119,,,,6562
155,2254,2189,2119,,,,6562
156,2254,2189,2119,,,,6562
157,2254,2189,2119,,,,6562
158,2254,2189,2119,,,,6562
159,2254,2189,2119,,,,6562
160,2254,2189,2119,,,,6562
161,2254,2189,2119,,,,6562
162,2254,2189,2119,,,,6562
163,2254,2189,2119,,,,6562
164,2254,2189,2119,,,,6562
165,2254,2189,2119,,,,6562
166,2254,2189,2119,,,,6562
167,2254,2189,2119,,,,6562
168,2254,2189,2119,,,,6562
169,2254,2189,2119,,,,6562
170,2254,2189,2119,,,,6562
171,2254,2189,2119,,,,6562
172,2254,2189,2119,,,,6562
173,2254,2189,2119,,,,6562
174,2254,2189,2119,,,,6562
175,2254,2189,2119,,,,6562
176,2254,2189,2119,,,,6562
177,2254,2189,2119,,,,6562
178,2254,2189,2119,,,,6562
179,2254,2189,2119,,,,6562
180,2254,2189,2119,,,,6562
181,2254,2189,2119,,,,6562
182,2254,2189,2119,,,,6562
183,2254,2189,2119,,,,6562
184,2254,2189,2119,,,,6562
185,2254,2189,2119,,,,6562
186,2254,2189,2119,,,,6562
187,2254,2189,2119,,,,6562
188,2254,2189,2119,,,,6562
189,2254,2189,2119,,,,6562
190,2254,2189,2119,,,,6562
191,2254,2189,2119,,,,6562
192,2254,2189,2119,,,,6562
193,2254,2189,2119,,,,6562
194,2254,2189,2119,,,,6562
195,2254,2189,2119,,,,6562
196,2254,2189,2119,,,,6562
197,2254,2189,2119,,,,6562
198,2254,2189,2119,,,,6562
199,2254,2189,2119,,,,6562
200,2254,2189,2119,,,,6562
201,2254,2189,2119,,,,6562
202,2254,2189,2119,,,,6562
203,2254,2189,2119,,,,6562
204,2254,2189,2119,,,,6562
205,2254,2189,2119,,,,6562
206,2254,2189,2119,,,,6562
207,2254,2189,2119,,,,6562
208,2254,2189,2119,,,,6562
209,2254,2189,2119,,,,6562
210,2254,2189,2119,,,,6562
211,2254,2189,2119,,,,6562
212,2254,2189,2119,,,,6562
213,2254,2189,2119,,,,6562
214,2254,2189,2119,,,,6562
215,2254,2189,2119,,,,6562
216,2254,2189,2119,,,,6562
217,2254,2189,2119,,,,6562
218,2254,2189,2119,,,,6562
219,2254,2189,2119,,,,6562
220,2254,2189,2119,,,,6562
221,2254,2189,2119,,,,6562
222,2254,2189,2119,,,,6562
223,2254,2189,2119,,,,6562
224,2254,2189,2119,,,,6562
225,2254,2189,2119,,,,6562
226,2254,2189,2119,,,,6562
227,2254,2189,2119,,,,6562
228,2254,2189,2119,,,,6562
229,2254,2189,2119,,,,6562
230,2254,2170,2119,,,,6543
231,2254,2170,2119,,,,6543
232,2254,2170,2119,,,,6543
233,2254,2170,2119,,,,6543
234,2254,2170,2119,,,,6543
235,2254,2170,2119,,,,6543
236,2254,2170,2119,,,,6543
237,2254,2170,2119,,,,6543
238,2254,2170,2119,,,,6543
239,2254,2170,2119,,,,6543
240,2254,2170,2119,,,,6543
241,2254,2170,2119,,,,6543
242,2254,2170,2119,,,,6543
243,2254,2170,2119,,,,6543
244,2254,2170,2119,,,,6543
245,2254,2170,2119,,,,6543
246,2254,2170,2119,,,,6543
247,2254,2170,2119,,,,6543
248,2254,2170,2119,,,,6543
249,2254,2170,2119,,,,6543
250,2254,2170,2119,,,,6543
251,2254,2170,2119,,,,6543
252,2254,2170,2119,,,,6543
253,2254,2170,2119,,,,6543
254,2254,2170,2119,,,,6543
255,2254,2170,2119,,,,6543
256,2254,2170,2119,,,,6543
257,2254,2170,2119,,,,6543
258,2254,2170,2119,,,,6543
259,2254,2170,2119,,,,6543
260,2254,2170,2119,,,,6543
261,2254,2170,2119,,,,6543
262,2254,2170,2119,,,,6543
263,2254,2170,2119,,,,6543
264,2254,2170,2119,,,,6543
265,2254,2170,2119,,,,6543
266,2254,2170,2119,,,,6543
267,2254,2170,2119,,,,6543
268,2254,2170,2119,,,,6543
269,2254,2170,2119,,,,6543
270,2254,2170,2119,,,,6543
271,2254,2170,2119,,,,6543
272,2254,2170,2119,,,,6543
273,2254,2170,2119,,,,6543
274,2254,2170,2119,,,,6543
275,2254,2170,2119,,,,6543
276,2254,2170,2119,,,,6543
277,2254,2170,2119,,,,6543
278,2254,2170,2119,,,,6543
279,2254,2170,2119,,,,6543
280,2254,2170,2119,,,,6543
281,2254,2170,2119,,,,6543
282,2254,2170,2119,,,,6543
283,2254,2170,2119,,,,6543
284,2254,2170,2119,,,,6543
285,2254,2170,2119,,,,6543
286,2254,2170,2119,,,,6543
287,2254,2170,2119,,,,6543
288,2254,2170,2119,,,,6543
289,2254,2170,2119,,,,6543
290,2254,2170,2119,,,,6543
291,2254,2170,2119,,,,6543
292,2254,2170,2119,,,,6543
293,2254,2170,2119,,,,6543
294,2254,2170,2119,,,,6543
295,2254,2170,2119,,,,6543
296,2254,2170,2119,,,,6543
297,2254,2170,2119,,,,6543
298,2254,2170,2119,,,,6543
299,2254,2170,2119,,,,6543
300,2254,2170,2119,,,,6543
301,2254,2170,2119,,,,6543
302,2254,2170,2119,,,,6543
303,2254,2170,2119,,,,6543
304,2254,2170,2119,,,,6543
305,2254,2170,2119,,,,6543
306,2254,2170,2119,,,,6543
307,2254,2170,2119,,,,6543
308,2254,2170,2119,,,,6543
309,2254,2170,2119,,,,6543
310,2254,2170,2119,,,,6543
311,2254,2170,2119,,,,6543
312,2254,2170,2119,,,,6543
313,2254,2170,2119,,,,6543
314,2254,2170,2119,,,,6543
315,2254,2170,2119,,,,6543
316,2254,2170,2119,,,,6543
317,2254,2170,2119,,,,6543
318,2254,2170,2119,,,,6543
319,2254,2170,2119,,,,6543
320,2254,2170,2119,,,,6543
321,2254,2170,2119,,,,6543
322,2254,2170,2119,,,,6543
323,2254,2170,2119,,,,6543
324,2254,2170,2119,,,,6543
325,2254,2170,2119,,,,6543
326,2254,2170,2119,,,,6543
327,2254,2170,2119,,,,6543
328,2254,2170,2119,,,,6543
329,2254,2170,2119,,,,6543
330,2254,2170,2119,,,,6543
331,2254,2170,2119,,,,6543
332,2254,2170,2119,,,,6543
333,2254,2170,2119,,,,6543
334,2254,2170,2119,,,,6543
335,2254,2170,2119,,,,6543
336,2254,2170,2119,,,,6543
337,2254,2170,2119,,,,6543
338,2254,2170,2119,,,,6543
339,2254,2170,2119,,,,6543
340,2254,2170,2119,,,,6543
341,2254,2170,2119,,,,6543
342,2254,2170,2119,,,,6543
343,2254,2170,2119,,,,6543
344,2254,2170,2119,,,,6543
345,2254,2170,2119,,,,6543
346,2254,2170,2119,,,,6543
347,2254,2170,2119,,,,6543
348,2254,2170,2119,,,,6543
349,2254,2170,2119,,,,6543
350,2254,2170,2119,,,,6543
351,2254,2170,2119,,,,6543
352,2254,2170,2119,,,,6543
353,2254,2170,2119,,,,6543
354,2254,2170,2119,,,,6543
355,2254,2170,2119,,,,6543
356,2254,2170,2119,,,,6543
357,2254,2170,2119,,,,6543
358,2254,2170,2119,,,,6543
359,2254,2170,2119,,,,6543
360,2254,2170,2119,,,,6543
361,2254,2170,2119,,,,6543
362,2254,2170,2119,,,,6543
363,2254,2170,2119,,,,6543
364,2254,2170,2119,,,,6543
365,2254,2170,2119,,,,6543
366,2254,2170,2119,,,,6543
367,2254,2170,2119,,,,6543
368,2254,2170,2119,,,,6543
369,2254,2170,2119,,,,6543
370,2254,2170,2119,,,,6543
371,2254,2170,2119,,,,6543
372,2254,2170,2119,,,,6543
373,2254,2170,2119,,,,6543
374,2254,2170,2119,,,,6543
375,2254,2170,2119,,,,6543
376,2254,2170,2119,,,,6543
377,2254,2170,2119,,,,6543
378,2254,2170,2119,,,,6543
379,2254,2170,2119,,,,6543
380,2254,2170,2119,,,,6543
381,2254,2170,2119,,,,6543
382,2254,2170,2119,,,,6543
383,2254,2170,2119,,,,6543
384,2254,2170,2119,,,,6543
385,2254,2170,2119,,,,6543
386,2254,2170,2119,,,,6543
387,2254,2170,2119,,,,6543
388,2254,2170,2119,,,,6543
389,2254,2170,2119,,,,6543
390,2254,2170,2119,,,,6543
391,2254,2170,2119,,,,6543
392,2254,2170,2119,,,,6543
393,2254,2170,2119,,,,6543
394,2254,2170,2119,,,,6543
395,2254,2170,2119,,,,6543
396,2254,2170,2119,,,,6543
397,2254,2170,2119,,,,6543
398,2254,2170,2119,,,,6543
399,2254,2170,2119,,,,6543
400,2254,2170,2119,,,,6543
401,2254,2170,2119,,,,6543
402,2254,2170,2119,,,,6543
403,2254,2170,2119,,,,6543
404,2254,2170,2119,,,,6543
405,2254,2170,2119,,,,6543
406,2254,2170,2119,,,,6543
407,2254,2170,2119,,,,6543
408,2254,2170,2119,,,,6543
409,2254,2170,2119,,,,6543
410,2254,2170,2119,,,,6543
411,2254,2170,2119,,,,6543
412,2254,2170,2119,,,,6543
413,2254,2170,2119,,,,6543
414,2254,2170,2119,,,,6543
415,2254,2170,2119,,,,6543
416,2254,2170,2119,,,,6543
417,2254,2170,2119,,,,6543
418,2254,2170,2119,,,,6543
419,2254,2170,2119,,,,6543
420,2254,2170,2119,,,,6543
421,2254,2170,2119,,,,6543
422,2254,2170,2119,,,,6543
423,2254,2170,2119,,,,6543
424,2254,2170,2119,,,,6543
425,2254,2170,2119,,,,6543
426,2254,2170,2119,,,,6543
427,2254,2170,2119,,,,6543
428,2254,2170,2119,,,,6543
429,2254,2170,2119,,,,6543
430,2254,2170,2119,,,,6543
431,2254,2170,2119,,,,6543
432,2254,2170,2119,,,,6543
433,2254,2170,2119,,,,6543
434,2254,2170,2119,,,,6543
435,2254,2170,2119,,,,6543
436,2254,2170,2119,,,,6543
437,2254,2170,2119,,,,6543
438,2254,2170,2119,,,,6543
439,2254,2170,2119,,,,6543
440,2254,2170,2119,,,,6543
441,2254,2170,2119,,,,6543
442,2254,2170,2119,,,,6543
443,2254,2170,2119,,,,6543
444,2254,2170,2119,,,,6543
445,2254,2170,2119,,,,6543
446,2254,2170,2119,,,,6543
447,2254,2170,2119,,,,6543
448,2254,2170,2119,,,,6543
449,2254,2170,2119,,,,6543
450,2254,2170,2119,,,,6543
451,2254,2170,2119,,,,6543
452,2254,2170,2119,,,,6543
453,2254,2170,2119,,,,6543
454,2254,2170,2119,,,,6543
455,2254,2170,2119,,,,6543
456,2254,2170,2119,,,,6543
457,2254,2170,2119,,,,6543
458,2254,2170,2119,,,,6543
459,2254,2170,2119,,,,6543
460,2254,2170,2119,,,,6543
461,2254,2170,2119,,,,6543
462,2254,2170,2119,,,,6543
463,2254,2170,2119,,,,6543
464,2254,2170,2119,,,,6543
465,2254,2170,2119,,,,6543
466,2254,2170,2119,,,,6543
467,2254,2170,2119,,,,6543
468,2254,2170,2119,,,,6543
469,2254,2170,2119,,,,6543
470,2254,2170,2119,,,,6543
471,2254,2170,2119,,,,6543
472,2254,2170,2119,,,,6543
473,2254,2170,2119,,,,6543
474,2254,2170,2119,,,,6543
475,2254,2170,2119,,,,6543
476,2254,2170,2119,,,,6543
477,2254,2170,2119,,,,6543
478,2254,2170,2119,,,,6543
479,2254,2170,2119,,,,6543
480,2254,2170,2119,,,,6543
481,2254,2170,2119,,,,6543
482,2254,2170,2119,,,,6543
483,2254,2170,2119,,,,6543
484,2254,2170,2119,,,,6543
485,2254,2170,2119,,,,6543
486,2254,2170,2119,,,,6543
487,2254,2170,2119,,,,6543
488,2254,2170,2119,,,,6543
489,2254,2170,2119,,,,6543
490,2254,2170,2119,,,,6543
491,2254,2170,2119,,,,6543
492,2254,2170,2119,,,,6543
493,2254,2170,2119,,,,6543
494,2254,2170,2119,,,,6543
495,2254,2170,2119,,,,6543
496,2254,2170,2119,,,,6543
497,2254,2170,2119,,,,6543
498,2254,2170,2119,,,,6543
499,2254,2170,2119,,,,6543
500,2254,2170,2119,,,,6543
501,2254,2170,2119,,,,6543
502,2254,2170,2119,,,,6543
503,2254,2170,2119,,,,6543
504,2254,2170,2119,,,,6543
505,2254,2170,2119,,,,6543
506,2254,2170,2119,,,,6543
507,2254,2170,2119,,,,6543
508,2254,2170,2119,,,,6543
509,2254,2170,2119,,,,6543
510,2254,2170,2119,,,,6543
511,2254,2170,2119,,,,6543
512,2254,2170,2119,,,,6543
513,2254,2170,2119,,,,6543
514,2254,2170,2119,,,,6543
515,2254,2170,2119,,,,6543
516,2254,2170,2119,,,,6543
517,2254,2170,2119,,,,6543
518,2254,2170,2119,,,,6543
519,2254,2170,2119,,,,6543
520,2254,2170,2119,,,,6543
521,2254,2170,2119,,,,6543
522,2254,2170,2119,,,,6543
523,2254,2170,2119,,,,6543
524,2254,2170,2119,,,,6543
525,2254,2170,2119,,,,6543
526,2254,2170,2119,,,,6543
527,2254,2170,2119,,,,6543
528,2254,2170,2119,,,,6543
529,2254,2170,2119,,,,6543
530,2254,2170,2119,,,,6543
531,2254,2170,2119,,,,6543
532,2254,2170,2119,,,,6543
533,2254,2170,2119,,,,6543
534,2254,2170,2119,,,,6543
535,2254,2170,2119,,,,6543
536,2254,2170,2119,,,,6543
537,2254,2170,2119,,,,6543
538,2254,2170,2119,,,,6543
539,2254,2170,2119,,,,6543
540,2254,2170,2119,,,,6543
541,2254,2170,2119,,,,6543
542,2254,2170,2119,,,,6543
543,2254,2170,2119,,,,6543
544,2254,2170,2119,,,,6543
545,2254,2170,2119,,,,6543
546,2254,2170,2119,,,,6543
547,2254,2170,2119,,,,6543
548,2254,2170,2119,,,,6543
549,2254,2170,2119,,,,6543
550,2254,2170,2119,,,,6543
551,2254,2170,2119,,,,6543
552,2254,2170,2119,,,,6543
553,2254,2170,2119,,,,6543
554,2254,2170,2119,,,,6543
555,2254,2170,2119,,,,6543
556,2254,2170,2119,,,,6543
557,2254,2170,2119,,,,6543
558,2254,2170,2119,,,,6543
559,2254,2170,2119,,,,6543
560,2254,2170,2119,,,,6543
561,2254,2170,2119,,,,6543
562,2254,2170,2119,,,,6543
563,2254,2170,2119,,,,6543
564,2254,2170,2119,,,,6543
565,2254,2170,2119,,,,6543
566,2254,2170,2119,,,,6543
567,2254,2170,2119,,,,6543
568,2254,2170,2119,,,,6543
569,2254,2170,2119,,,,6543
570,2254,2170,2119,,,,6543
571,2254,2170,2119,,,,6543
572,2254,2170,2119,,,,6543
573,2254,2170,2119,,,,6543
574,2254,2170,2119,,,,6543
575,2254,2170,2119,,,,6543
576,2254,2170,2119,,,,6543
577,2254,2170,2119,,,,6543
578,2254,2170,2119,,,,6543
579,2254,2170,2119,,,,6543
580,2254,2170,2119,,,,6543
581,2254,2170,2119,,,,6543
582,2254,2170,2119,,,,6543
583,2254,2170,2119,,,,6543
584,2254,2170,2119,,,,6543
585,2254,2170,2119,,,,6543
586,2254,2170,2119,,,,6543
587,2254,2170,2119,,,,6543
588,2254,2170,2119,,,,6543
589,2254,2170,2119,,,,6543
590,2254,2170,2119,,,,6543
591,2254,2170,2119,,,,6543
592,2254,2170,2119,,,,6543
593,2254,2170,2119,,,,6543
594,2254,2170,2119,,,,6543
595,2254,2170,2119,,,,6543
596,2254,2170,2119,,,,6543
597,2254,2170,2119,,,,6543
598,2254,2170,2119,,,,6543
599,2254,2170,2119,,,,6543
600,2254,2170,2119,,,,6543
601,2254,2170,2119,,,,6543
602,2254,2170,2119,,,,6543
603,2254,2170,2119,,,,6543
604,2254,2170,2119,,,,6543
605,2254,2170,2119,,,,6543
606,2254,2170,2119,,,,6543
607,2254,2170,2119,,,,6543
608,2254,2170,2119,,,,6543
609,2254,2170,2119,,,,6543
610,2254,2170,2119,,,,6543
611,2254,2170,2119,,,,6543
612,2254,2170,2119,,,,6543
613,2254,2170,2119,,,,6543
614,2254,2170,2119,,,,6543
615,2254,2170,2119,,,,6543
616,2254,2170,2119,,,,6543
617,2254,2170,2119,,,,6543
618,2254,2170,2119,,,,6543
619,2254,2170,2119,,,,6543
620,2254,2170,2119,,,,6543
621,2254,2170,2119,,,,6543
622,2254,2170,2119,,,,6543
623,2254,2170,2119,,,,6543
624,2254,2170,2119,,,,6543
625,2254,2170,2119,,,,6543
626,2254,2170,2119,,,,6543
627,2254,2170,2119,,,,6543
628,2254,2170,2119,,,,6543
629,2254,2170,2119,,,,6543
630,2254,2170,2119,,,,6543
631,2254,2170,2119,,,,6543
632,2254,2170,2119,,,,6543
633,2254,2170,2119,,,,6543
634,2254,2170,2119,,,,6543
635,2254,2170,2119,,,,6543
636,2254,2170,2119,,,,6543
637,2254,2170,2119,,,,6543
638,2254,2170,2119,,,,6543
639,2254,2170,2119,,,,6543
640,2254,2170,2119,,,,6543
641,2254,2170,2119,,,,6543
642,2254,2170,2119,,,,6543
643,2254,2170,2119,,,,6543
644,2254,2170,2119,,,,6543
645,2254,2170,2119,,,,6543
646,2254,2170,2119,,,,6543
647,2254,2170,2119,,,,6543
648,2254,2170,2119,,,,6543
649,2254,2170,2119,,,,6543
650,2254,2170,2119,,,,6543
651,2254,2170,2119,,,,6543
652,2254,2170,2119,,,,6543
653,2254,2170,2119,,,,6543
654,2254,2170,2119,,,,6543
655,2254,2170,2119,,,,6543
656,2254,2170,2119,,,,6543
657,2254,2170,2119,,,,6543
658,2254,2170,2119,,,,6543
659,2254,2170,2119,,,,6543
660,2254,2170,2119,,,,6543
661,2254,2170,2119,,,,6543
662,2254,2170,2119,,,,6543
663,2254,2170,2119,,,,6543
664,2254,2170,2119,,,,6543
665,2254,2170,2119,,,,6543
666,2254,2170,2119,,,,6543
667,2254,2170,2119,,,,6543
668,2254,2170,2119,,,,6543
669,2254,2170,2119,,,,6543
670,2254,2170,2119,,,,6543
671,2254,2170,2119,,,,6543
672,2254,2170,2119,,,,6543
673,2254,2170,2119,,,,6543
674,2254,2170,2119,,,,6543
675,2254,2170,2119,,,,6543
676,2254,2170,2119,,,,6543
677,2254,2170,2119,,,,6543
678,2254,2170,2119,,,,6543
679,2254,2170,2119,,,,6543
680,2254,2170,2119,,,,6543
681,2254,2170,2119,,,,6543
682,2254,2170,2119,,,,6543
683,2254,2170,2119,,,,6543
684,2254,2170,2119,,,,6543
685,2254,2170,2119,,,,6543
686,2254,2170,2119,,,,6543
687,2254,2170,2119,,,,6543
688,2254,2170,2119,,,,6543
689,2254,2170,2119,,,,6543
690,2254,2170,2119,,,,6543
691,2254,2170,2119,,,,6543
692,2254,2170,2119,,,,6543
693,2254,2170,2119,,,,6543
694,2254,2170,2119,,,,6543
695,2254,2170,2119,,,,6543
696,2254,2170,2119,,,,6543
697,2254,2170,2119,,,,6543
698,2254,2170,2119,,,,6543
699,2254,2170,2119,,,,6543
700,2254,2170,2119,,,,6543
701,2254,2170,2119,,,,6543
702,2254,2170,2119,,,,6543
703,2254,2170,2119,,,,6543
704,2254,2170,2119,,,,6543
705,2254,2170,2119,,,,6543
706,2254,2170,2119,,,,6543
707,2254,2170,2119,,,,6543
708,2254,2170,2119,,,,6543
709,2254,2170,2119,,,,6543
710,2254,2170,2119,,,,6543
711,2254,2170,2119,,,,6543
712,2254,2170,2119,,,,6543
713,2254,2170,2119,,,,6543
714,2254,2170,2119,,,,6543
715,2254,2170,2119,,,,6543
716,2254,2170,2119,,,,6543
717,2254,2170,2119,,,,6543
718,2254,2170,2119,,,,6543
719,2254,2170,2119,,,,6543
720,2254,2170,2119,,,,6543
721,2254,2170,2119,,,,6543
722,2254,2170,2119,,,,6543
723,2254,2170,2119,,,,6543
724,2254,2170,2119,,,,6543
725,2254,2170,2119,,,,6543
726,2254,2170,2119,,,,6543
727,2254,2170,2119,,,,6543
728,2254,2170,2119,,,,6543
729,2254,2170,2119,,,,6543
730,2254,2170,2119,,,,6543
731,2254,2170,2119,,,,6543
732,2254,2170,2119,,,,6543
733,2254,2170,2119,,,,6543
734,2254,2170,2119,,,,6543
735,2254,2170,2119,,,,6543
736,2254,2170,2119,,,,6543
737,2254,2170,2119,,,,6543
738,2254,2170,2119,,,,6543
739,2254,2170,2119,,,,6543
740,2254,2170,2119,,,,6543
741,2254,2170,2119,,,,6543
742,2254,2170,2119,,,,6543
743,2254,2170,2119,,,,6543
744,2254,2170,2119,,,,6543
745,2254,2170,2119,,,,6543
746,2254,2170,2119,,,,6543
747,2254,2170,2119,,,,6543
748,2254,2170,2119,,,,6543
749,2254,2170,2119,,,,6543
750,2254,2170,2119,,,,6543
751,2254,2170,2119,,,,6543
752,2254,2170,2119,,,,6543
753,2254,2170,2119,,,,6543
754,2254,2170,2119,,,,6543
755,2254,2170,2119,,,,6543
756,2254,2170,2119,,,,6543
757,2254,2170,2119,,,,6543
758,2254,2170,2119,,,,6543
759,2254,2170,2119,,,,6543
760,2254,2170,2119,,,,6543
761,2254,2170,2119,,,,6543
762,2254,2170,2119,,,,6543
763,2254,2170,2119,,,,6543
764,2254,2170,2119,,,,6543
765,2254,2170,2119,,,,6543
766,2254,2170,2119,,,,6543
767,2254,2170,2119,,,,6543
768,2254,2170,2119,,,,6543
769,2254,2170,2119,,,,6543
770,2254,2170,2119,,,,6543
771,2254,2170,2119,,,,6543
772,2254,2170,2119,,,,6543
773,2254,2170,2119,,,,6543
774,2254,2170,2119,,,,6543
775,2254,2170,2119,,,,6543
776,2254,2170,2119,,,,6543
777,2254,2170,2119,,,,6543
778,2254,2170,2119,,,,6543
779,2254,2170,2119,,,,6543
780,2254,2170,2119,,,,6543
781,2254,2170,2119,,,,6543
782,2254,2170,2119,,,,6543
783,2254,2170,2119,,,,6543
784,2254,2170,2119,,,,6543
785,2254,2170,2119,,,,6543
786,2254,2170,2119,,,,6543
787,2254,2170,2119,,,,6543
788,2254,2170,2119,,,,6543
789,2254,2170,2119,,,,6543
790,2254,2170,2119,,,,6543
791,2254,2170,2119,,,,6543
792,2254,2170,2119,,,,6543
793,2254,2170,2119,,,,6543
794,2254,2170,2119,,,,6543
795,2254,2170,2119,,,,6543
796,2254,2170,2119,,,,6543
797,2254,2170,2119,,,,6543
798,2254,2170,2119,,,,6543
799,2254,2170,2119,,,,6543
800,2254,2170,2119,,,,6543
801,2254,2170,2119,,,,6543
802,2254,2170,2119,,,,6543
803,2254,2170,2119,,,,6543
804,2254,2170,2119,,,,6543
805,2254,2170,2119,,,,6543
806,2254,2170,2119,,,,6543
807,2254,2170,2119,,,,6543
808,2254,2170,2119,,,,6543
809,2254,2170,2119,,,,6543
810,2254,2170,2119,,,,6543
811,2254,2170,2119,,,,6543
812,2254,2170,2119,,,,6543
813,2254,2170,2119,,,,6543
814,2254,2170,2119,,,,6543
815,2254,2170,2119,,,,6543
816,2254,2170,2119,,,,6543
817,2254,2170,2119,,,,6543
818,2254,2170,2119,,,,6543
819,2254,2170,2119,,,,6543
820,2254,2170,2119,,,,6543
821,2254,2170,2119,,,,6543
822,2254,2170,2119,,,,6543
823,2254,2170,2119,,,,6543
824,2254,2170,2119,,,,6543
825,2254,2170,2119,,,,6543
826,2254,2170,2119,,,,6543
827,2254,2170,2119,,,,6543
828,2254,2170,2119,,,,6543
829,2254,2170,2119,,,,6543
830,2254,2170,2119,,,,6543
831,2254,2170,2119,,,,6543
832,2254,2170,2119,,,,6543
833,2254,2170,2119,,,,6543
834,2254,2170,2119,,,,6543
835,2254,2170,2119,,,,6543
836,2254,2170,2119,,,,6543
837,2254,2170,2119,,,,6543
838,2254,2170,2119,,,,6543
839,2254,2170,2119,,,,6543
840,2254,2170,2119,,,,6543
841,2254,2170,2119,,,,6543
842,2254,2170,2119,,,,6543
843,2254,2170,2119,,,,6543
844,2254,2170,2119,,,,6543
845,2254,2170,2119,,,,6543
846,2254,2170,2119,,,,6543
847,2254,2170,2119,,,,6543
848,2254,2170,2119,,,,6543
849,2254,2170,2119,,,,6543
850,2254,2170,2119,,,,6543
851,2254,2170,2119,,,,6543
852,2254,2170,2119,,,,6543
853,2254,2170,2119,,,,6543
854,2254,2170,2119,,,,6543
855,2254,2170,2119,,,,6543
856,2254,2170,2119,,,,6543
857,2254,2170,2119,,,,6543
858,2254,2170,2119,,,,6543
859,2254,2170,2119,,,,6543
860,2254,2170,2119,,,,6543
861,2254,2170,2119,,,,6543
862,2254,2170,2119,,,,6543
863,2254,2170,2119,,,,6543
864,2254,2170,2119,,,,6543
865,2254,2170,2119,,,,6543
866,2254,2170,2119,,,,6543
867,2254,2170,2119,,,,6543
868,2254,2170,2119,,,,6543
869,2254,2170,2119,,,,6543
870,2254,2170,2119,,,,6543
871,2254,2170,2119,,,,6543
872,2254,2170,2119,,,,6543
873,2254,2170,2119,,,,6543
874,2254,2170,2119,,,,6543
875,2254,2170,2119,,,,6543
876,2254,2170,2119,,,,6543
877,2254,2170,2119,,,,6543
878,2254,2170,2119,,,,6543
879,2254,2170,2119,,,,6543
880,2254,2170,2119,,,,6543
881,2254,2170,2119,,,,6543
882,2254,2170,2119,,,,6543
883,2254,2170,2119,,,,6543
884,2254,2170,2119,,,,6543
885,2254,2170,2119,,,,6543
886,2254,2170,2119,,,,6543
887,2254,2170,2119,,,,6543
888,2254,2170,2119,,,,6543
889,2254,2170,2119,,,,6543
890,2254,2170,2119,,,,6543
891,2254,2170,2119,,,,6543
892,2254,2170,2119,,,,6543
893,2254,2170,2119,,,,6543
894,2254,2170,2119,,,,6543
895,2254,2170,2119,,,,6543
896,2254,2170,2119,,,,6543
897,2254,2170,2119,,,,6543
898,2254,2170,2119,,,,6543
899,2254,2170,2119,,,,6543
900,2254,2170,2119,,,,6543
901,2250,2170,2119,,,,6539
902,2250,2170,2119,,,,6539
903,2250,2170,2119,,,,6539
904,2250,2170,2119,,,,6539
905,2250,2170,2119,,,,6539
906,2250,2170,2119,,,,6539
907,2250,2170,2119,,,,6539
908,2250,2170,2119,,,,6539
909,2250,2170,2119,,,,6539
910,2250,2170,2119,,,,6539
911,2250,2170,2119,,,,6539
912,2250,2170,2119,,,,6539
913,2250,2170,2119,,,,6539
914,2250,2170,2119,,,,6539
915,2250,2170,2119,,,,6539
916,2250,2170,2119,,,,6539
917,2250,2170,2119,,,,6539
918,2250,2170,2119,,,,6539
919,2250,2170,2119,,,,6539
920,2250,2170,2119,,,,6539
921,2250,2170,2119,,,,6539
922,2250,2170,2119,,,,6539
923,2250,2170,2119,,,,6539
924,2250,2170,2119,,,,6539
925,2250,2170,2119,,,,6539
926,2250,2170,2119,,,,6539
927,2250,2170,2119,,,,6539
928,2250,2170,2119,,,,6539
929,2250,2170,2119,,,,6539
930,2250,2170,2119,,,,6539
931,2250,2170,2119,,,,6539
932,2250,2170,2119,,,,6539
933,2250,2170,2119,,,,6539
934,2250,2170,2119,,,,6539
935,2250,2170,2119,,,,6539
936,2250,2170,2119,,,,6539
937,2250,2170,2119,,,,6539
938,2250,2170,2119,,,,6539
939,2250,2170,2119,,,,6539
940,2250,2170,2119,,,,6539
941,2250,2170,2119,,,,6539
942,2250,2170,2119,,,,6539
943,2250,2170,2119,,,,6539
944,2250,2170,2119,,,,6539
945,2250,2170,2119,,,,6539
946,2250,2170,2119,,,,6539
947,2250,2170,2119,,,,6539
948,2250,2170,2119,,,,6539
949,2250,2170,2119,,,,6539
950,2250,2170,2119,,,,6539
951,2250,2170,2119,,,,6539
952,2250,2170,2119,,,,6539
953,2250,2170,2119,,,,6539
954,2250,2170,2119,,,,6539
955,2250,2170,2119,,,,6539
956,2250,2170,2119,,,,6539
957,2250,2170,2119,,,,6539
958,2250,2170,2119,,,,6539
959,2250,2170,2119,,,,6539
960,2239,2170,2119,,,,6528
961,2239,2170,2119,,,,6528
962,2239,2170,2119,,,,6528
963,2239,2170,2119,,,,6528
964,2239,2170,2119,,,,6528
965,2239,2170,2119,,,,6528
966,2239,2170,2119,,,,6528
967,2239,2170,2119,,,,6528
968,2239,2170,2119,,,,6528
969,2239,2170,2119,,,,6528
970,2239,2170,2119,,,,6528
971,2239,2170,2119,,,,6528
972,2239,2170,2119,,,,6528
973,2239,2170,2119,,,,6528
974,2239,2170,2119,,,,6528
975,2239,2170,2119,,,,6528
976,2239,2170,2119,,,,6528
977,2239,2170,2119,,,,6528
978,2239,2170,2119,,,,6528
979,2239,2170,2119,,,,6528
980,2239,2170,2119,,,,6528
981,2239,2170,2119,,,,6528
982,2239,2170,2119,,,,6528
983,2239,2170,2119,,,,6528
984,2239,2170,2119,,,,6528
985,2239,2170,2119,,,,6528
986,2239,2170,2119,,,,6528
987,2239,2170,2119,,,,6528
988,2239,2170,2119,,,,6528
989,2239,2170,2119,,,,6528
990,2239,2170,2119,,,,6528
991,2239,2170,2119,,,,6528
992,2239,2170,2119,,,,6528
993,2239,2170,2119,,,,6528
994,2239,2170,2119,,,,6528
995,2239,2170,2119,,,,6528
996,2239,2170,2119,,,,6528
997,2239,2170,2119,,,,6528
998,2239,2170,2119,,,,6528
999,2239,2170,2119,,,,6528
1000,2239,2170,2119,,,,6528
